Дата,Час,"Объем полного планового потребления, МВт.ч","Индекс равновесных цен на покупку электроэнергии, руб./МВт.ч.","Объем покупки по регулируемым договорам, МВт.ч","Объем покупки на РСВ, МВт.ч","Объем продажи в обеспечение РД, МВт.ч","Максимальный индекс равновесной цены, руб./МВт.ч","Минимальный индекс равновесной цены, руб./МВт.ч"
2021.11.25,0,24 449.593,746.32,1 874.616,21 977.516,15.559,1 020.00,572.16
2021.11.25,1,24 766.044,744.73,1 936.600,22 225.275,5.377,1 020.00,572.16
2021.11.25,2,25 558.300,841.14,4 670.702,20 294.879,8.274,1 056.54,572.16
2021.11.25,3,26 312.055,857.45,4 727.264,21 014.919,21.153,1 094.90,572.16
2021.11.25,4,26 927.075,937.93,3 942.906,22 411.588,13.210,1 215.21,572.16
2021.11.25,5,27 340.954,998.14,3 942.906,22 815.293,11.613,1 385.65,572.16
2021.11.25,6,27 449.805,1 050.30,3 942.906,22 931.196,13.180,1 499.84,572.16
2021.11.25,7,27 337.771,1 075.76,3 942.906,22 819.441,16.079,1 759.19,572.16
2021.11.25,8,27 189.774,1 012.01,3 942.906,22 671.351,12.279,1 752.18,572.16
2021.11.25,9,27 168.373,900.62,3 942.906,22 591.004,11.325,1 730.84,571.35
2021.11.25,10,27 120.645,886.87,3 942.906,22 547.717,12.233,1 730.72,571.34
2021.11.25,11,27 240.012,903.34,3 942.906,22 682.194,17.407,1 756.71,571.33
2021.11.25,12,27 466.900,913.87,3 942.906,22 952.536,14.629,1 728.76,571.34
2021.11.25,13,27 809.132,928.15,3 928.789,23 331.370,14.742,1 751.14,572.16
2021.11.25,14,27 802.988,932.36,7 200.318,20 047.051,15.281,1 760.19,572.16
2021.11.25,15,27 499.136,916.56,7 200.318,19 724.810,17.546,1 747.59,571.32
2021.11.25,16,26 905.251,1 083.67,7 200.318,19 154.658,11.888,1 800.80,278.38
2021.11.25,17,26 489.736,867.23,7 095.889,18 847.198,16.965,1 594.82,572.16
2021.11.25,18,25 864.567,975.38,1 874.616,23 419.998,13.956,1 560.08,572.16
2021.11.25,19,25 197.377,982.41,1 874.616,22 722.253,17.950,1 564.30,572.16
2021.11.25,20,24 847.691,897.07,1 874.616,22 359.085,21.700,1 473.72,571.30
2021.11.25,21,24 613.053,857.54,1 874.616,22 117.328,18.844,1 349.42,571.31
2021.11.25,22,24 389.432,781.61,1 874.616,21 888.677,16.620,1 132.25,571.30
2021.11.25,23,24 272.138,745.55,1 874.616,21 768.690,18.975,1 029.03,571.29
2021.11.26,0,24 269.414,661.16,1 874.616,21 729.929,16.663,1 154.28,474.91
2021.11.26,1,24 678.319,686.21,1 936.600,22 131.116,22.165,1 154.77,474.92
2021.11.26,2,25 449.092,794.57,4 670.702,20 197.928,20.788,1 120.89,475.62
2021.11.26,3,26 215.255,693.37,4 727.264,20 919.363,29.016,1 168.12,475.62
2021.11.26,4,26 869.175,964.02,3 942.906,22 356.844,22.777,1 276.81,475.62
2021.11.26,5,27 259.968,1 025.68,3 942.906,22 736.160,19.667,1 394.62,475.62
2021.11.26,6,27 375.839,1 050.21,3 942.906,22 847.698,14.659,1 526.49,475.62
2021.11.26,7,27 236.668,1 067.82,3 942.906,22 715.588,21.477,1 792.32,475.62
2021.11.26,8,27 097.553,966.72,3 942.906,22 586.233,16.033,1 747.73,475.62
2021.11.26,9,27 086.923,821.07,3 942.906,22 524.435,16.742,1 733.48,474.92
2021.11.26,10,27 062.446,819.50,3 942.906,22 509.171,23.388,1 733.37,474.91
2021.11.26,11,27 137.505,819.79,3 942.906,22 602.219,30.099,1 734.09,474.91
2021.11.26,12,27 312.293,824.82,3 942.906,22 781.609,27.995,1 726.32,474.87
2021.11.26,13,27 639.089,843.41,3 928.789,23 137.720,22.905,1 751.32,474.87
2021.11.26,14,27 784.087,843.48,7 200.318,20 023.736,23.962,1 753.99,475.60
2021.11.26,15,27 417.173,836.07,7 200.318,19 642.288,23.394,1 761.36,474.85
2021.11.26,16,26 887.348,1 007.87,7 200.318,19 147.809,24.619,1 705.28,475.61
2021.11.26,17,26 460.989,789.30,7 095.889,18 840.345,33.701,1 597.50,475.60
2021.11.26,18,26 018.959,1 007.63,1 874.616,23 607.905,33.386,1 576.47,475.58
2021.11.26,19,25 365.080,985.12,1 874.616,22 929.717,37.350,1 653.51,475.58
2021.11.26,20,25 019.768,882.86,1 874.616,22 585.114,41.135,1 515.72,414.15
2021.11.26,21,24 709.807,832.11,1 874.616,22 254.397,37.530,1 443.40,475.57
2021.11.26,22,24 543.884,796.02,1 874.616,22 080.514,31.395,1 346.25,475.57
2021.11.26,23,24 403.810,716.20,1 874.616,21 930.697,25.702,1 109.45,475.57
2021.11.27,0,24 284.653,943.38,1 874.616,21 791.676,23.532,1 213.75,767.53
2021.11.27,1,24 487.594,945.02,1 936.600,21 980.672,63.802,1 202.24,767.55
2021.11.27,2,24 893.818,1 004.01,4 670.702,19 640.108,51.621,1 230.23,767.15
2021.11.27,3,25 444.093,994.60,4 727.264,20 153.915,64.791,1 228.05,767.30
2021.11.27,4,26 173.868,1 091.83,3 942.906,21 638.049,22.999,1 342.44,770.21
2021.11.27,5,26 818.421,1 113.52,3 942.906,22 276.098,14.871,1 382.24,770.22
2021.11.27,6,27 102.315,1 153.23,3 942.906,22 557.712,13.536,1 480.83,770.20
2021.11.27,7,27 131.645,1 248.72,3 942.906,22 598.726,22.505,1 686.24,770.19
2021.11.27,8,26 992.217,1 252.06,3 942.906,22 455.174,17.752,1 705.43,770.22
2021.11.27,9,26 894.364,1 255.03,3 942.906,22 360.546,20.616,1 745.85,770.22
2021.11.27,10,26 816.578,1 207.80,3 942.906,22 291.848,28.833,1 711.08,770.22
2021.11.27,11,26 932.890,1 207.72,3 942.906,22 407.957,29.319,1 701.68,770.26
2021.11.27,12,27 207.527,1 181.11,3 942.906,22 708.790,24.381,1 676.92,770.21
2021.11.27,13,27 597.058,1 214.07,3 928.789,23 116.452,20.916,1 706.99,770.24
2021.11.27,14,27 574.244,1 211.84,7 200.318,19 820.644,18.166,1 748.04,767.01
2021.11.27,15,27 242.645,1 193.58,7 200.318,19 486.940,17.275,1 732.48,770.20
2021.11.27,16,26 808.142,1 129.14,7 200.318,19 048.132,14.558,1 618.75,767.08
2021.11.27,17,26 430.119,1 085.34,7 095.889,18 771.910,18.759,1 607.00,767.25
2021.11.27,18,25 908.640,1 121.37,1 874.616,23 466.271,13.812,1 613.46,767.13
2021.11.27,19,25 299.261,1 103.91,1 874.616,22 851.325,18.398,1 562.40,767.18
2021.11.27,20,24 803.797,1 050.03,1 874.616,22 337.407,22.925,1 458.81,767.33
2021.11.27,21,24 474.673,989.95,1 874.616,22 015.311,23.785,1 351.23,767.48
2021.11.27,22,24 323.713,955.67,1 874.616,21 842.161,19.583,1 263.73,767.50
2021.11.27,23,24 308.013,925.43,1 874.616,21 790.653,18.468,1 173.01,767.64
2021.11.28,0,24 261.638,865.54,1 874.616,21 720.733,19.946,1 124.36,695.87
2021.11.28,1,24 451.467,893.51,1 936.600,21 833.675,36.117,1 129.54,695.87
2021.11.28,2,24 772.467,907.23,4 670.702,19 446.744,21.358,1 114.32,697.98
2021.11.28,3,25 213.652,886.23,4 727.264,19 862.396,40.445,1 097.28,697.99
2021.11.28,4,25 826.557,969.31,3 942.906,21 239.381,21.139,1 250.00,695.48
2021.11.28,5,26 472.067,1 031.92,3 942.906,21 885.323,16.718,1 264.18,697.99
2021.11.28,6,26 828.650,1 092.21,3 942.906,22 244.942,17.984,1 374.93,697.99
2021.11.28,7,26 892.177,1 096.97,3 942.906,22 311.694,22.327,1 401.31,697.99
2021.11.28,8,26 808.513,1 116.82,3 942.906,22 221.675,18.883,1 467.45,697.99
2021.11.28,9,26 760.769,1 141.83,3 942.906,22 179.935,16.843,1 583.87,697.99
2021.11.28,10,26 714.160,1 138.35,3 942.906,22 134.368,17.469,1 584.48,697.99
2021.11.28,11,26 838.386,1 145.24,3 942.906,22 259.804,17.774,1 591.99,697.99
2021.11.28,12,27 157.906,1 128.74,3 942.906,22 611.280,21.372,1 577.84,697.99
2021.11.28,13,27 615.799,1 170.68,3 928.789,23 083.868,16.655,1 630.17,697.99
2021.11.28,14,27 671.356,1 189.98,7 200.318,19 863.721,12.883,1 691.80,697.99
2021.11.28,15,27 364.270,1 140.98,7 200.318,19 556.911,13.540,1 636.69,697.99
2021.11.28,16,26 995.056,1 149.07,7 200.318,19 187.921,11.867,1 678.55,697.99
2021.11.28,17,26 622.028,1 109.84,7 095.889,18 915.032,15.028,1 620.81,697.99
2021.11.28,18,25 983.063,1 101.04,1 874.616,23 481.522,9.965,1 581.88,697.99
2021.11.28,19,25 193.171,1 048.27,1 874.616,22 686.212,15.358,1 514.06,697.99
2021.11.28,20,24 808.359,1 012.07,1 874.616,22 301.603,20.621,1 469.50,697.99
2021.11.28,21,24 531.875,962.74,1 874.616,22 015.733,15.384,1 412.97,695.81
2021.11.28,22,24 275.620,879.55,1 874.616,21 753.136,13.784,1 176.42,695.82
2021.11.28,23,24 170.057,857.45,1 874.616,21 619.481,15.747,1 116.35,695.92
2021.11.29,0,24 353.306,879.26,1 874.616,21 795.915,16.741,1 104.62,728.36
2021.11.29,1,24 782.070,896.77,1 936.600,22 156.696,9.131,1 077.61,728.35
2021.11.29,2,25 607.394,926.45,4 670.702,20 265.863,10.211,1 130.31,728.33
2021.11.29,3,26 463.132,931.82,4 727.264,21 087.853,19.450,1 134.79,728.80
2021.11.29,4,27 063.339,1 010.21,3 942.906,22 482.169,15.016,1 284.07,729.06
2021.11.29,5,27 480.074,1 064.41,3 942.906,22 890.084,13.799,1 416.49,729.26
2021.11.29,6,27 604.121,1 211.07,3 942.906,23 012.051,14.165,1 711.99,729.68
2021.11.29,7,27 420.809,1 277.98,3 942.906,22 825.150,18.581,1 874.60,729.43
2021.11.29,8,27 284.690,1 276.32,3 942.906,22 701.930,14.037,1 847.32,729.74
2021.11.29,9,27 195.805,1 072.80,3 942.906,22 623.466,13.151,1 655.36,502.24
2021.11.29,10,27 115.933,1 071.50,3 942.906,22 540.805,15.813,1 775.83,729.00
2021.11.29,11,27 193.584,1 085.93,3 942.906,22 623.698,20.300,1 802.98,728.99
2021.11.29,12,27 543.908,1 106.30,3 942.906,22 971.800,16.428,1 783.42,728.80
2021.11.29,13,27 864.147,1 175.66,3 928.789,23 300.872,15.214,1 831.49,728.99
2021.11.29,14,27 876.188,1 174.17,7 200.318,20 045.927,14.294,1 854.30,728.96
2021.11.29,15,27 540.492,1 148.38,7 200.318,19 713.207,17.672,1 831.50,728.76
2021.11.29,16,27 073.531,1 087.31,7 200.318,19 239.737,14.733,1 724.80,728.69
2021.11.29,17,26 626.636,1 026.91,7 095.889,18 906.569,20.947,1 720.97,728.39
2021.11.29,18,26 086.012,1 082.17,1 874.616,23 568.318,18.042,1 591.43,729.01
2021.11.29,19,25 498.897,1 121.66,1 874.616,22 972.402,20.410,1 620.34,729.03
2021.11.29,20,25 097.009,1 027.27,1 874.616,22 572.466,25.800,1 467.99,728.80
2021.11.29,21,24 856.327,998.53,1 874.616,22 330.790,24.430,1 399.76,728.70
2021.11.29,22,24 471.031,903.12,1 874.616,21 928.663,17.682,1 191.17,728.39
2021.11.29,23,24 385.155,881.78,1 874.616,21 823.367,17.200,1 115.54,728.37
2021.11.30,0,24 388.596,876.53,1 874.616,21 828.301,15.080,1 095.70,729.25
2021.11.30,1,24 785.554,877.53,1 936.600,22 171.657,8.009,1 077.13,729.27
2021.11.30,2,25 548.329,891.54,4 670.702,20 224.475,7.776,1 079.84,729.29
2021.11.30,3,26 343.049,916.10,4 727.264,20 983.824,19.686,1 111.03,729.29
2021.11.30,4,26 969.678,1 001.93,3 942.906,22 402.934,14.212,1 277.96,729.53
2021.11.30,5,27 336.967,1 051.25,3 942.906,22 759.975,12.096,1 396.45,729.82
2021.11.30,6,27 506.914,1 206.20,3 942.906,22 924.766,11.043,1 697.21,730.09
2021.11.30,7,27 290.262,1 279.35,3 942.906,22 700.166,16.560,1 868.49,730.27
2021.11.30,8,27 121.487,1 277.51,3 942.906,22 534.731,11.863,1 868.31,730.25
2021.11.30,9,26 999.717,1 063.54,3 942.906,22 432.438,9.949,1 752.22,729.49
2021.11.30,10,27 001.206,1 060.45,3 942.906,22 438.221,10.108,1 757.09,729.55
2021.11.30,11,27 119.430,1 072.76,3 942.906,22 563.512,16.431,1 760.83,729.65
2021.11.30,12,27 336.552,1 104.00,3 942.906,22 779.163,15.022,1 787.61,729.56
2021.11.30,13,27 702.629,1 140.77,3 928.789,23 152.407,13.411,1 791.13,729.79
2021.11.30,14,27 770.723,1 147.71,7 200.318,19 954.433,11.393,1 811.15,729.78
2021.11.30,15,27 412.378,1 111.09,7 200.318,19 593.937,13.085,1 808.81,729.65
2021.11.30,16,27 041.023,1 073.34,7 200.318,19 220.460,11.813,1 784.57,729.62
2021.11.30,17,26 588.231,1 041.76,7 095.889,18 876.488,16.439,1 701.87,729.45
2021.11.30,18,26 060.321,1 062.67,1 874.616,23 546.658,15.171,1 619.23,729.61
2021.11.30,19,25 384.110,1 088.43,1 874.616,22 859.196,19.909,1 617.65,729.54
2021.11.30,20,24 950.511,1 017.68,1 874.616,22 427.989,27.091,1 468.39,729.51
2021.11.30,21,24 694.462,991.85,1 874.616,22 174.958,22.924,1 409.37,729.33
2021.11.30,22,24 364.286,900.83,1 874.616,21 818.628,18.903,1 188.12,729.29
2021.11.30,23,24 329.277,884.81,1 874.616,21 770.692,17.746,1 125.07,729.28
2021.12.01,0,24 532.422,858.05,2 004.938,21 891.093,31.927,1 107.35,691.97
2021.12.01,1,24 959.118,855.96,2 074.239,22 298.893,65.675,1 086.12,691.97
2021.12.01,2,25 721.542,890.70,4 976.955,20 142.190,33.086,1 113.18,692.06
2021.12.01,3,26 486.028,901.64,5 038.655,20 871.179,49.562,1 138.69,692.05
2021.12.01,4,27 035.679,985.99,4 206.992,22 241.474,36.353,1 285.74,692.26
2021.12.01,5,27 427.577,1 045.20,4 206.992,22 623.057,28.037,1 440.11,692.48
2021.12.01,6,27 454.728,1 125.36,4 206.992,22 646.481,26.088,1 629.65,692.57
2021.12.01,7,27 288.706,1 072.66,4 206.992,22 498.097,42.771,1 674.32,692.40
2021.12.01,8,27 164.279,1 064.29,4 206.992,22 385.111,47.972,1 767.37,692.26
2021.12.01,9,27 088.058,974.18,4 206.992,22 314.251,55.011,1 719.38,691.92
2021.12.01,10,27 050.668,956.57,4 206.992,22 281.343,60.126,1 624.98,691.91
2021.12.01,11,27 145.710,960.55,4 206.992,22 381.881,55.776,1 635.01,691.91
2021.12.01,12,27 403.530,987.34,4 206.992,22 627.675,38.781,1 668.90,691.73
2021.12.01,13,27 726.851,1 003.57,4 191.527,22 958.408,21.535,1 689.31,691.70
2021.12.01,14,27 802.451,1 013.59,7 663.844,19 575.329,30.873,1 815.47,691.64
2021.12.01,15,27 486.809,991.91,7 663.844,19 253.202,35.843,1 759.77,691.68
2021.12.01,16,27 080.937,958.91,7 663.844,18 863.383,61.487,1 635.72,691.72
2021.12.01,17,26 751.894,940.56,7 548.308,18 623.956,50.720,1 672.32,691.74
2021.12.01,18,26 260.652,971.42,2 004.938,23 654.828,30.432,1 583.06,691.76
2021.12.01,19,25 690.102,1 024.70,2 004.938,23 065.568,40.044,1 573.38,691.99
2021.12.01,20,25 109.559,1 034.55,2 004.938,22 480.782,57.983,1 498.59,692.21
2021.12.01,21,24 823.214,990.22,2 004.938,22 203.764,63.843,1 406.56,692.07
2021.12.01,22,24 589.156,914.20,2 004.938,21 972.940,59.123,1 258.18,691.79
2021.12.01,23,24 420.386,862.57,2 004.938,21 796.795,51.130,1 131.21,691.72
2021.12.02,0,24 393.136,857.18,2 004.938,21 708.727,34.448,1 071.03,710.79
2021.12.02,1,24 791.190,860.01,2 074.239,22 077.023,63.607,1 065.77,710.81
2021.12.02,2,25 514.614,874.95,4 976.955,19 894.437,26.046,1 071.35,710.83
2021.12.02,3,26 285.468,877.86,5 038.655,20 644.396,47.925,1 093.70,710.85
2021.12.02,4,26 888.203,942.89,4 206.992,22 071.942,33.195,1 231.65,711.05
2021.12.02,5,27 273.878,1 030.19,4 206.992,22 433.528,24.703,1 405.05,711.34
2021.12.02,6,27 379.864,1 135.79,4 206.992,22 537.000,22.623,1 607.60,711.52
2021.12.02,7,27 245.221,1 242.42,4 206.992,22 407.103,38.908,1 785.20,711.75
2021.12.02,8,27 059.803,1 197.33,4 206.992,22 240.377,47.148,1 771.92,711.62
2021.12.02,9,27 017.982,1 012.61,4 206.992,22 227.932,54.353,1 709.77,710.91
2021.12.02,10,26 931.018,1 010.25,4 206.992,22 144.218,58.254,1 715.14,710.89
2021.12.02,11,26 982.192,1 011.71,4 206.992,22 196.321,55.675,1 716.09,710.91
2021.12.02,12,27 238.942,1 035.91,4 206.992,22 433.223,30.652,1 735.68,710.93
2021.12.02,13,27 569.647,1 103.57,4 191.527,22 757.055,17.220,1 751.09,711.23
2021.12.02,14,27 582.098,1 108.22,7 663.844,19 306.132,22.493,1 746.00,711.31
2021.12.02,15,27 270.565,1 055.92,7 663.844,18 990.586,25.153,1 730.17,711.12
2021.12.02,16,26 931.949,1 009.17,7 663.844,18 684.666,51.232,1 723.12,710.97
2021.12.02,17,26 542.175,989.13,7 548.308,18 394.979,36.111,1 625.95,710.91
2021.12.02,18,26 094.314,1 033.83,2 004.938,23 448.359,16.817,1 593.17,711.12
2021.12.02,19,25 477.881,1 078.82,2 004.938,22 822.771,23.751,1 575.92,711.08
2021.12.02,20,24 985.671,984.52,2 004.938,22 356.127,45.013,1 455.68,710.87
2021.12.02,21,24 674.671,963.51,2 004.938,22 048.915,54.557,1 391.53,710.87
2021.12.02,22,24 344.474,886.59,2 004.938,21 701.922,54.097,1 168.92,710.86
2021.12.02,23,24 195.831,867.27,2 004.938,21 526.946,47.358,1 101.19,710.83
2021.12.03,0,24 158.777,873.86,2 004.938,21 483.977,42.034,1 102.11,722.87
2021.12.03,1,24 579.251,876.78,2 074.239,21 884.746,74.831,1 089.32,722.85
2021.12.03,2,25 338.436,890.76,4 976.955,19 731.079,39.274,1 098.82,722.89
2021.12.03,3,26 140.672,903.38,5 038.655,20 506.687,59.264,1 127.23,722.95
2021.12.03,4,26 753.102,981.83,4 206.992,21 930.762,43.445,1 272.71,723.22
2021.12.03,5,27 103.698,1 089.90,4 206.992,22 272.312,36.500,1 487.95,723.42
2021.12.03,6,27 134.581,1 174.82,4 206.992,22 304.931,31.210,1 677.72,723.55
2021.12.03,7,27 004.865,1 230.60,4 206.992,22 183.282,49.633,1 794.04,723.67
2021.12.03,8,26 846.369,1 115.46,4 206.992,22 038.751,56.199,1 732.03,723.35
2021.12.03,9,26 820.332,1 009.29,4 206.992,22 040.947,64.302,1 708.62,722.92
2021.12.03,10,26 758.145,1 008.54,4 206.992,21 986.421,68.813,1 719.01,722.91
2021.12.03,11,26 827.030,1 013.88,4 206.992,22 054.560,64.620,1 721.82,722.93
2021.12.03,12,27 045.415,1 029.32,4 206.992,22 252.796,34.652,1 726.78,722.91
2021.12.03,13,27 471.793,1 097.27,4 191.527,22 669.306,19.793,1 760.33,723.17
2021.12.03,14,27 481.710,1 098.95,7 663.844,19 215.812,27.730,1 769.61,723.17
2021.12.03,15,27 124.816,1 075.42,7 663.844,18 872.409,44.137,1 764.02,723.14
2021.12.03,16,26 714.672,1 011.30,7 663.844,18 494.182,71.125,1 731.84,722.91
2021.12.03,17,26 324.819,990.66,7 548.308,18 196.729,48.173,1 640.17,722.91
2021.12.03,18,25 726.705,1 051.59,2 004.938,23 097.829,30.937,1 651.94,723.18
2021.12.03,19,25 072.859,1 092.20,2 004.938,22 445.852,43.048,1 625.28,723.05
2021.12.03,20,24 668.285,1 027.34,2 004.938,22 065.819,68.174,1 504.33,722.90
2021.12.03,21,24 416.384,984.73,2 004.938,21 809.383,72.536,1 442.37,722.88
2021.12.03,22,24 098.621,923.32,2 004.938,21 487.353,72.868,1 266.31,722.89
2021.12.03,23,23 952.968,886.60,2 004.938,21 307.131,62.658,1 137.12,722.87
2021.12.04,0,24 037.169,897.06,2 004.938,21 397.496,53.549,1 182.01,722.16
2021.12.04,1,24 248.600,886.54,2 074.239,21 585.800,105.223,1 137.54,722.15
2021.12.04,2,24 684.380,893.25,4 976.955,19 122.251,90.918,1 137.82,722.15
2021.12.04,3,25 186.473,889.62,5 038.655,19 600.031,117.983,1 133.44,722.15
2021.12.04,4,25 854.232,932.13,4 206.992,21 071.586,81.112,1 203.93,722.15
2021.12.04,5,26 450.274,1 021.84,4 206.992,21 639.041,56.414,1 361.04,722.15
2021.12.04,6,26 757.162,1 110.16,4 206.992,21 941.035,47.849,1 509.26,722.15
2021.12.04,7,26 789.113,1 137.40,4 206.992,21 983.722,59.053,1 551.17,722.15
2021.12.04,8,26 684.207,1 249.41,4 206.992,21 917.156,71.661,1 719.46,746.29
2021.12.04,9,26 574.558,1 087.83,4 206.992,21 801.689,82.267,1 734.42,722.15
2021.12.04,10,26 516.347,1 076.02,4 206.992,21 745.709,83.425,1 738.15,722.15
2021.12.04,11,26 573.407,1 088.19,4 206.992,21 798.359,75.714,1 736.76,722.15
2021.12.04,12,26 870.784,1 177.88,4 206.992,22 069.595,40.445,1 766.36,722.15
2021.12.04,13,27 278.362,1 283.03,4 191.527,22 480.059,23.119,1 825.94,722.15
2021.12.04,14,27 215.466,1 285.58,7 663.844,18 951.762,32.871,1 931.15,722.15
2021.12.04,15,26 908.225,1 240.15,7 663.844,18 688.885,51.701,1 747.80,763.04
2021.12.04,16,26 627.740,1 074.94,7 663.844,18 397.904,70.698,1 635.14,722.15
2021.12.04,17,26 300.613,1 084.97,7 548.308,18 172.012,39.315,1 657.05,731.80
2021.12.04,18,25 825.412,1 063.52,2 004.938,23 171.241,17.528,1 613.89,722.15
2021.12.04,19,25 281.093,1 093.46,2 004.938,22 619.212,24.240,1 595.15,720.80
2021.12.04,20,24 788.040,1 013.04,2 004.938,22 148.830,52.341,1 483.68,722.15
2021.12.04,21,24 484.879,980.43,2 004.938,21 858.846,64.380,1 434.19,722.15
2021.12.04,22,24 365.472,921.37,2 004.938,21 745.626,63.830,1 392.84,722.15
2021.12.04,23,24 062.995,887.00,2 004.938,21 422.970,61.824,1 138.09,722.15
2021.12.05,0,24 252.492,871.87,2 004.938,21 588.591,56.284,1 129.06,701.93
2021.12.05,1,24 268.425,862.37,2 074.239,21 578.523,103.681,1 093.93,701.93
2021.12.05,2,24 540.912,862.93,4 976.955,18 940.887,86.891,1 080.91,701.93
2021.12.05,3,24 976.293,876.75,5 038.655,19 346.165,113.055,1 084.90,701.93
2021.12.05,4,25 566.871,891.78,4 206.992,20 757.932,78.220,1 120.71,701.93
2021.12.05,5,26 144.007,932.57,4 206.992,21 321.522,59.626,1 194.79,701.93
2021.12.05,6,26 540.303,1 056.21,4 206.992,21 734.408,53.530,1 402.05,716.75
2021.12.05,7,26 598.747,1 095.08,4 206.992,21 794.647,64.147,1 496.99,714.20
2021.12.05,8,26 487.858,1 162.30,4 206.992,21 683.525,74.287,1 537.39,723.71
2021.12.05,9,26 672.461,1 103.47,4 206.992,21 908.789,83.826,1 613.04,720.76
2021.12.05,10,26 706.863,1 108.13,4 206.992,21 951.452,86.278,1 636.71,720.50
2021.12.05,11,26 775.831,1 094.47,4 206.992,21 975.694,72.936,1 572.37,701.93
2021.12.05,12,27 018.579,1 128.98,4 206.992,22 194.880,37.531,1 625.03,701.93
2021.12.05,13,27 230.087,1 187.21,4 191.527,22 412.719,22.888,1 656.84,701.93
2021.12.05,14,27 243.321,1 180.23,7 663.844,18 961.178,34.573,1 657.33,701.93
2021.12.05,15,27 035.311,1 182.95,7 663.844,18 787.589,49.945,1 649.54,734.69
2021.12.05,16,26 863.935,1 131.75,7 663.844,18 612.713,70.727,1 621.84,701.93
2021.12.05,17,26 610.429,1 079.16,7 548.308,18 429.184,40.254,1 585.27,701.93
2021.12.05,18,25 878.140,1 139.48,2 004.938,23 222.307,18.452,1 620.76,720.68
2021.12.05,19,25 170.528,1 144.69,2 004.938,22 507.117,28.319,1 576.29,722.12
2021.12.05,20,24 890.747,1 028.10,2 004.938,22 243.797,51.017,1 451.33,700.56
2021.12.05,21,24 570.639,990.56,2 004.938,21 936.646,60.713,1 388.61,700.46
2021.12.05,22,24 357.756,955.19,2 004.938,21 725.667,64.396,1 319.68,700.91
2021.12.05,23,24 107.201,866.94,2 004.938,21 470.223,63.289,1 121.53,701.93
2021.12.06,0,24 201.486,871.66,2 004.938,21 524.919,46.253,1 082.60,733.33
2021.12.06,1,24 562.223,878.42,2 074.239,21 853.548,71.039,1 072.20,733.33
2021.12.06,2,25 303.733,889.94,4 976.955,19 679.754,32.367,1 067.37,733.33
2021.12.06,3,26 074.432,884.94,5 038.655,20 427.114,59.949,1 060.29,733.33
2021.12.06,4,26 751.788,942.77,4 206.992,21 941.319,42.698,1 199.83,733.33
2021.12.06,5,27 157.034,1 034.00,4 206.992,22 328.448,35.789,1 396.22,733.32
2021.12.06,6,27 149.372,1 135.00,4 206.992,22 316.137,35.174,1 648.86,733.32
2021.12.06,7,26 886.407,1 146.68,4 206.992,22 069.493,53.370,1 721.06,733.32
2021.12.06,8,26 816.442,1 132.20,4 206.992,22 008.974,59.946,1 721.58,733.32
2021.12.06,9,26 910.766,1 121.55,4 206.992,22 107.857,68.555,1 678.58,733.32
2021.12.06,10,26 931.197,1 116.01,4 206.992,22 138.787,72.416,1 673.16,733.32
2021.12.06,11,27 030.002,1 122.09,4 206.992,22 240.329,66.055,1 678.60,733.32
2021.12.06,12,27 263.276,1 060.49,4 206.992,22 462.962,33.283,1 584.41,733.32
2021.12.06,13,27 615.634,1 132.88,4 191.527,22 832.901,20.582,1 693.07,733.33
2021.12.06,14,27 551.889,1 131.54,7 663.844,19 289.975,26.092,1 721.97,733.32
2021.12.06,15,27 329.125,1 076.13,7 663.844,19 073.483,43.306,1 732.64,733.32
2021.12.06,16,26 910.600,1 028.10,7 663.844,18 674.300,65.608,1 610.33,733.32
2021.12.06,17,26 515.087,977.03,7 548.308,18 372.987,39.810,1 572.87,733.33
2021.12.06,18,25 948.421,972.71,2 004.938,23 315.541,20.050,1 509.10,733.33
2021.12.06,19,25 301.529,1 005.42,2 004.938,22 658.885,34.541,1 510.65,733.32
2021.12.06,20,24 838.402,952.18,2 004.938,22 214.668,57.312,1 452.66,733.33
2021.12.06,21,24 595.871,930.94,2 004.938,21 981.683,66.029,1 353.10,733.33
2021.12.06,22,24 335.901,893.55,2 004.938,21 699.354,68.058,1 189.06,733.33
2021.12.06,23,24 039.139,871.08,2 004.938,21 373.138,62.202,1 092.22,733.33
2021.12.07,0,24 138.332,821.61,2 004.938,21 449.055,28.133,1 040.57,677.29
2021.12.07,1,24 519.047,817.15,2 074.239,21 801.950,56.798,1 020.00,677.29
2021.12.07,2,25 229.938,835.27,4 976.955,19 610.911,21.068,1 020.00,677.29
2021.12.07,3,26 011.507,835.37,5 038.655,20 366.395,41.983,1 027.43,677.29
2021.12.07,4,26 668.079,911.21,4 206.992,21 850.046,26.671,1 160.50,677.29
2021.12.07,5,27 044.868,989.83,4 206.992,22 211.073,20.095,1 319.57,677.29
2021.12.07,6,27 161.111,1 098.20,4 206.992,22 321.503,16.777,1 526.78,677.29
2021.12.07,7,27 015.779,1 123.49,4 206.992,22 183.048,33.380,1 595.37,677.29
2021.12.07,8,26 907.126,1 128.37,4 206.992,22 085.413,42.733,1 602.77,677.29
2021.12.07,9,26 850.053,1 040.25,4 206.992,22 048.091,52.192,1 538.97,677.29
2021.12.07,10,26 793.254,1 027.62,4 206.992,21 996.477,55.390,1 539.05,677.29
2021.12.07,11,26 896.262,1 060.38,4 206.992,22 098.778,50.657,1 538.03,677.29
2021.12.07,12,27 097.615,1 077.13,4 206.992,22 296.802,27.893,1 551.73,677.29
2021.12.07,13,27 410.020,1 119.10,4 191.527,22 602.810,14.836,1 563.63,677.29
2021.12.07,14,27 444.497,1 135.09,7 663.844,19 171.393,22.415,1 603.21,677.29
2021.12.07,15,27 186.227,1 105.02,7 663.844,18 906.011,25.211,1 586.48,677.29
2021.12.07,16,26 948.685,1 078.91,7 663.844,18 691.004,54.448,1 554.88,677.29
2021.12.07,17,26 631.016,1 041.84,7 548.308,18 461.999,36.498,1 499.83,677.29
2021.12.07,18,26 007.685,1 049.31,2 004.938,23 342.331,20.169,1 489.19,677.29
2021.12.07,19,25 343.191,1 048.36,2 004.938,22 687.201,21.380,1 452.82,677.29
2021.12.07,20,24 886.441,989.69,2 004.938,22 226.832,46.670,1 409.41,677.29
2021.12.07,21,24 570.811,906.50,2 004.938,21 924.238,54.508,1 286.96,677.29
2021.12.07,22,24 220.507,838.98,2 004.938,21 568.651,58.425,1 101.29,677.29
2021.12.07,23,23 983.246,816.24,2 004.938,21 302.225,51.689,1 022.57,677.29
2021.12.08,0,24 209.602,688.14,2 004.938,21 562.284,42.152,1 120.70,222.56
2021.12.08,1,24 613.504,695.66,2 074.239,21 936.411,68.936,1 020.00,222.19
2021.12.08,2,25 400.863,756.10,4 976.955,19 803.130,33.432,1 048.39,219.67
2021.12.08,3,26 160.401,763.16,5 038.655,20 538.064,62.852,1 076.69,219.62
2021.12.08,4,26 854.351,829.75,4 206.992,22 052.459,40.865,1 202.58,216.88
2021.12.08,5,27 284.252,975.56,4 206.992,22 456.594,35.924,1 456.24,213.52
2021.12.08,6,27 213.078,1 107.36,4 206.992,22 347.683,35.191,1 652.51,213.51
2021.12.08,7,27 177.143,1 197.12,4 206.992,22 330.782,56.116,1 771.45,213.51
2021.12.08,8,26 862.991,1 195.36,4 206.992,22 020.171,63.013,1 779.75,213.51
2021.12.08,9,27 197.533,1 100.80,4 206.992,22 379.528,70.826,1 737.51,213.50
2021.12.08,10,27 319.864,1 092.74,4 206.992,22 522.547,75.932,1 747.38,213.51
2021.12.08,11,27 322.635,1 088.52,4 206.992,22 521.576,69.586,1 749.62,213.51
2021.12.08,12,27 607.421,1 102.41,4 206.992,22 796.145,40.938,1 647.56,213.51
2021.12.08,13,27 840.512,1 153.66,4 191.527,23 044.087,28.755,1 798.03,213.51
2021.12.08,14,27 901.281,1 114.17,7 663.844,19 631.475,33.893,1 659.42,213.51
2021.12.08,15,27 752.003,1 102.33,7 663.844,19 488.286,46.235,1 676.32,213.51
2021.12.08,16,27 467.663,1 063.91,7 663.844,19 221.216,73.099,1 728.27,213.50
2021.12.08,17,27 156.601,990.36,7 548.308,19 010.599,54.502,1 655.99,213.51
2021.12.08,18,26 539.122,993.77,2 004.938,23 898.751,41.368,1 646.35,213.48
2021.12.08,19,25 853.952,980.97,2 004.938,23 202.826,45.468,1 598.94,213.43
2021.12.08,20,25 481.279,814.80,2 004.938,22 853.816,63.756,1 388.60,217.13
2021.12.08,21,25 150.212,756.01,2 004.938,22 518.418,67.771,1 336.38,219.59
2021.12.08,22,25 025.739,470.50,2 004.938,22 386.774,64.352,1 109.06,0.00
2021.12.08,23,24 943.467,466.59,2 004.938,22 296.220,57.119,1 110.35,0.00
2021.12.09,0,24 899.806,532.12,2 004.938,22 210.987,54.858,1 045.81,1.75
2021.12.09,1,25 334.221,793.03,2 074.239,22 630.969,81.374,1 020.00,20.39
2021.12.09,2,26 110.263,866.18,4 976.955,20 474.432,40.774,1 035.15,3.37
2021.12.09,3,26 803.230,867.56,5 038.655,21 156.764,75.282,1 070.21,22.21
2021.12.09,4,27 477.947,928.21,4 206.992,22 674.448,54.446,1 179.60,23.24
2021.12.09,5,27 885.871,1 038.96,4 206.992,23 066.733,46.904,1 375.33,3.35
2021.12.09,6,27 942.262,1 146.48,4 206.992,23 133.266,47.050,1 589.20,3.39
2021.12.09,7,27 858.825,1 157.69,4 206.992,23 071.163,66.807,1 597.62,3.38
2021.12.09,8,27 596.470,1 138.31,4 206.992,22 821.026,75.549,1 571.65,3.39
2021.12.09,9,27 498.921,1 030.27,4 206.992,22 725.707,80.550,1 635.65,3.39
2021.12.09,10,27 458.755,992.12,4 206.992,22 677.133,83.924,1 612.58,3.39
2021.12.09,11,27 602.268,1 053.92,4 206.992,22 818.377,78.223,1 606.33,0.00
2021.12.09,12,27 985.146,1 105.74,4 206.992,23 171.667,47.486,1 597.50,0.00
2021.12.09,13,28 339.611,1 151.57,4 191.527,23 542.666,38.364,1 598.34,0.00
2021.12.09,14,28 317.451,1 186.35,7 663.844,20 044.446,44.801,1 611.33,3.38
2021.12.09,15,28 002.514,1 178.70,7 663.844,19 728.265,50.295,1 613.22,0.00
2021.12.09,16,27 580.068,1 153.50,7 663.844,19 308.713,72.708,1 615.31,3.40
2021.12.09,17,27 111.889,1 107.65,7 548.308,18 938.897,55.497,1 594.18,3.37
2021.12.09,18,26 461.077,822.93,2 004.938,23 785.278,38.925,1 626.73,0.00
2021.12.09,19,25 776.929,814.49,2 004.938,23 084.855,43.214,1 594.22,0.00
2021.12.09,20,25 168.188,763.56,2 004.938,22 475.127,60.195,1 523.81,0.00
2021.12.09,21,24 869.931,707.73,2 004.938,22 182.638,66.586,1 419.77,0.00
2021.12.09,22,24 650.788,632.01,2 004.938,21 961.394,69.005,1 236.95,0.00
2021.12.09,23,24 641.568,591.25,2 004.938,21 946.848,60.667,1 138.25,0.00
2021.12.10,0,24 746.928,908.09,2 004.938,21 955.391,46.328,1 101.75,782.85
2021.12.10,1,25 184.633,910.22,2 074.239,22 370.842,73.961,1 079.99,782.92
2021.12.10,2,25 939.435,932.64,4 976.955,20 224.279,38.499,1 086.14,782.63
2021.12.10,3,26 751.407,942.25,5 038.655,21 026.708,59.365,1 130.16,782.65
2021.12.10,4,27 411.775,1 029.23,4 206.992,22 541.207,41.125,1 325.78,782.45
2021.12.10,5,27 809.524,1 080.25,4 206.992,22 938.202,38.590,1 392.45,782.70
2021.12.10,6,27 899.574,1 180.22,4 206.992,23 025.448,32.389,1 612.94,782.43
2021.12.10,7,27 771.521,1 252.49,4 206.992,22 895.084,49.453,1 737.83,782.46
2021.12.10,8,27 621.828,1 249.35,4 206.992,22 757.358,58.474,1 727.14,782.49
2021.12.10,9,27 589.783,1 170.71,4 206.992,22 731.364,65.066,1 641.81,782.59
2021.12.10,10,27 500.840,1 155.76,4 206.992,22 644.946,72.313,1 614.48,782.59
2021.12.10,11,27 597.833,1 155.72,4 206.992,22 760.581,68.741,1 607.11,782.57
2021.12.10,12,27 850.226,1 171.36,4 206.992,22 998.627,48.900,1 615.72,782.26
2021.12.10,13,28 233.631,1 209.69,4 191.527,23 383.830,37.736,1 667.74,782.06
2021.12.10,14,28 254.933,1 176.17,7 663.844,19 948.588,46.831,1 634.66,782.91
2021.12.10,15,27 895.211,1 165.05,7 663.844,19 589.973,53.888,1 655.28,783.12
2021.12.10,16,27 487.070,1 131.65,7 663.844,19 186.347,78.393,1 609.23,782.94
2021.12.10,17,27 105.130,1 107.00,7 548.308,18 896.214,65.543,1 614.38,782.92
2021.12.10,18,26 549.472,1 110.20,2 004.938,23 845.367,48.108,1 556.91,782.91
2021.12.10,19,25 859.176,1 117.33,2 004.938,23 137.959,50.849,1 550.52,782.82
2021.12.10,20,25 422.842,1 054.37,2 004.938,22 707.608,68.092,1 440.17,782.83
2021.12.10,21,25 086.985,1 034.80,2 004.938,22 367.451,73.280,1 389.77,782.82
2021.12.10,22,24 826.264,960.82,2 004.938,22 099.072,69.896,1 259.76,782.81
2021.12.10,23,24 762.950,912.62,2 004.938,22 016.249,59.754,1 135.78,782.78
2021.12.11,0,24 839.490,862.66,2 004.938,22 091.790,33.656,1 090.58,730.88
2021.12.11,1,25 032.259,865.11,2 074.239,22 277.030,86.455,1 078.35,730.89
2021.12.11,2,25 443.769,864.70,4 976.955,19 780.374,73.395,1 048.09,730.88
2021.12.11,3,25 936.062,858.61,5 038.655,20 256.422,101.496,1 051.52,730.86
2021.12.11,4,26 664.212,879.76,4 206.992,21 804.667,64.200,1 084.62,730.92
2021.12.11,5,27 226.258,951.02,4 206.992,22 353.406,41.244,1 230.41,730.92
2021.12.11,6,27 559.013,1 019.37,4 206.992,22 681.127,28.487,1 338.34,730.94
2021.12.11,7,27 552.930,1 044.97,4 206.992,22 682.656,40.987,1 484.18,730.93
2021.12.11,8,27 461.545,1 100.06,4 206.992,22 610.108,50.871,1 610.81,730.97
2021.12.11,9,27 361.593,1 070.70,4 206.992,22 515.505,61.752,1 634.71,730.92
2021.12.11,10,27 379.726,1 050.80,4 206.992,22 541.241,67.328,1 604.39,730.99
2021.12.11,11,27 358.999,1 102.05,4 206.992,22 513.180,58.763,1 577.23,730.98
2021.12.11,12,27 650.458,1 126.97,4 206.992,22 801.523,38.768,1 594.00,731.03
2021.12.11,13,28 037.913,1 137.92,4 191.527,23 198.429,26.407,1 604.90,731.02
2021.12.11,14,28 053.042,1 157.19,7 663.844,19 751.426,29.671,1 656.06,730.99
2021.12.11,15,27 692.407,1 120.34,7 663.844,19 384.639,30.072,1 609.76,730.95
2021.12.11,16,27 290.502,1 105.88,7 663.844,18 986.099,46.988,1 725.07,731.00
2021.12.11,17,27 006.602,1 071.92,7 548.308,18 786.607,37.684,1 550.29,730.97
2021.12.11,18,26 397.483,1 069.66,2 004.938,23 679.699,19.019,1 519.03,731.04
2021.12.11,19,25 808.515,1 067.19,2 004.938,23 073.072,19.342,1 487.26,730.96
2021.12.11,20,25 400.219,1 031.22,2 004.938,22 666.365,32.965,1 495.18,730.96
2021.12.11,21,25 046.590,993.04,2 004.938,22 312.619,40.294,1 392.50,730.94
2021.12.11,22,24 790.324,888.83,2 004.938,22 052.917,45.556,1 214.97,730.95
2021.12.11,23,24 736.800,864.28,2 004.938,21 988.165,40.617,1 083.63,731.01
2021.12.12,0,24 687.453,857.72,2 004.938,21 930.629,21.073,1 069.76,729.64
2021.12.12,1,24 859.327,856.03,2 074.239,22 095.246,76.255,1 043.17,729.68
2021.12.12,2,25 217.088,861.15,4 976.955,19 549.882,59.618,1 063.12,729.62
2021.12.12,3,25 673.827,858.00,5 038.655,19 984.310,83.688,1 067.60,729.73
2021.12.12,4,26 315.091,871.46,4 206.992,21 435.999,51.093,1 069.34,729.80
2021.12.12,5,26 945.499,932.37,4 206.992,22 053.075,27.377,1 154.43,729.86
2021.12.12,6,27 299.202,995.41,4 206.992,22 399.559,17.415,1 272.57,729.79
2021.12.12,7,27 309.603,990.66,4 206.992,22 416.330,25.618,1 285.36,729.85
2021.12.12,8,27 201.516,1 037.81,4 206.992,22 320.472,39.032,1 397.69,729.84
2021.12.12,9,27 162.687,1 045.88,4 206.992,22 298.960,45.637,1 449.40,729.85
2021.12.12,10,27 156.655,1 046.33,4 206.992,22 297.128,48.994,1 461.21,729.85
2021.12.12,11,27 292.793,1 069.84,4 206.992,22 428.270,40.007,1 495.45,729.93
2021.12.12,12,27 691.113,1 107.65,4 206.992,22 822.975,28.948,1 546.19,729.72
2021.12.12,13,28 135.983,1 139.24,4 191.527,23 278.049,15.359,1 592.48,729.76
2021.12.12,14,28 162.897,1 145.44,7 663.844,19 842.067,21.022,1 622.94,729.60
2021.12.12,15,27 784.393,1 133.82,7 663.844,19 459.613,21.143,1 629.99,729.70
2021.12.12,16,27 416.869,1 096.84,7 663.844,19 101.686,35.694,1 580.61,729.56
2021.12.12,17,27 094.651,1 052.85,7 548.308,18 888.941,34.362,1 517.71,729.58
2021.12.12,18,26 467.330,1 047.76,2 004.938,23 766.008,11.788,1 558.99,729.49
2021.12.12,19,25 861.338,1 052.36,2 004.938,23 136.917,15.271,1 542.76,729.30
2021.12.12,20,25 442.817,1 023.39,2 004.938,22 722.056,26.511,1 465.48,729.36
2021.12.12,21,25 198.509,984.13,2 004.938,22 473.330,28.019,1 371.94,729.39
2021.12.12,22,24 964.229,885.18,2 004.938,22 230.802,30.239,1 158.99,729.32
2021.12.12,23,24 878.534,860.41,2 004.938,22 129.849,25.758,1 076.46,729.30
2021.12.13,0,25 079.315,838.78,2 004.938,22 341.551,19.624,1 063.11,695.96
2021.12.13,1,25 506.846,840.27,2 074.239,22 747.021,47.238,1 034.55,696.06
2021.12.13,2,26 282.382,855.06,4 976.955,20 617.835,25.530,1 060.18,697.42
2021.12.13,3,27 116.561,862.77,5 038.655,21 425.791,33.373,1 070.04,698.45
2021.12.13,4,27 775.938,932.90,4 206.992,22 925.969,27.755,1 211.93,698.51
2021.12.13,5,28 196.216,1 014.55,4 206.992,23 351.519,26.833,1 351.94,698.60
2021.12.13,6,28 334.905,1 110.23,4 206.992,23 491.974,20.277,1 624.64,698.51
2021.12.13,7,28 202.331,1 130.06,4 206.992,23 369.143,29.862,1 628.88,697.58
2021.12.13,8,28 045.992,1 124.07,4 206.992,23 219.895,39.486,1 616.59,698.15
2021.12.13,9,27 989.032,1 080.38,4 206.992,23 171.446,46.837,1 635.68,698.23
2021.12.13,10,27 902.101,1 074.18,4 206.992,23 087.015,52.130,1 638.40,697.80
2021.12.13,11,27 978.120,1 074.19,4 206.992,23 164.261,47.521,1 637.25,698.15
2021.12.13,12,28 356.258,1 080.02,4 206.992,23 542.499,34.181,1 651.78,698.44
2021.12.13,13,28 643.433,1 089.59,4 191.527,23 836.270,20.570,1 676.28,698.28
2021.12.13,14,28 592.500,1 089.89,7 663.844,20 319.743,28.190,1 678.13,697.25
2021.12.13,15,28 288.489,1 080.36,7 663.844,20 012.216,28.941,1 662.07,697.96
2021.12.13,16,28 010.853,1 033.14,7 663.844,19 742.211,48.792,1 508.50,697.49
2021.12.13,17,27 701.387,1 019.08,7 548.308,19 529.467,40.310,1 587.39,697.57
2021.12.13,18,26 975.764,1 018.55,2 004.938,24 295.842,23.661,1 559.93,697.10
2021.12.13,19,26 336.214,1 017.79,2 004.938,23 636.241,26.776,1 537.14,696.96
2021.12.13,20,25 840.666,982.37,2 004.938,23 136.524,38.914,1 440.13,696.98
2021.12.13,21,25 600.292,888.54,2 004.938,22 899.945,43.691,1 245.01,697.01
2021.12.13,22,25 438.267,842.17,2 004.938,22 736.653,44.952,1 114.25,697.01
2021.12.13,23,25 106.200,833.07,2 004.938,22 399.614,37.592,1 053.88,696.97
2021.12.14,0,25 313.360,697.56,2 004.938,22 589.043,23.435,1 021.09,422.60
2021.12.14,1,25 750.441,716.74,2 074.239,23 006.639,50.374,1 059.58,422.63
2021.12.14,2,26 538.152,751.41,4 976.955,20 882.826,28.437,1 045.63,422.64
2021.12.14,3,27 392.672,818.50,5 038.655,21 678.240,33.910,1 200.25,422.65
2021.12.14,4,28 172.109,915.60,4 206.992,23 294.799,28.272,1 223.96,422.73
2021.12.14,5,28 608.466,990.22,4 206.992,23 730.083,27.001,1 413.21,422.68
2021.12.14,6,28 694.497,1 036.31,4 206.992,23 813.563,21.415,1 680.61,422.67
2021.12.14,7,28 513.444,1 020.30,4 206.992,23 632.373,26.628,1 692.97,422.64
2021.12.14,8,28 333.756,1 014.12,4 206.992,23 465.424,37.079,1 673.22,422.68
2021.12.14,9,28 262.041,818.76,4 206.992,23 401.844,45.839,1 509.11,422.67
2021.12.14,10,28 227.199,953.94,4 206.992,23 412.077,51.106,1 634.86,422.67
2021.12.14,11,28 396.942,972.03,4 206.992,23 581.489,43.833,1 681.51,422.68
2021.12.14,12,28 679.854,986.36,4 206.992,23 873.779,35.516,1 685.76,422.67
2021.12.14,13,28 804.898,1 003.88,4 191.527,24 003.367,26.543,1 717.67,422.66
2021.12.14,14,28 599.506,1 015.55,7 663.844,20 323.909,33.215,1 756.75,421.92
2021.12.14,15,28 283.403,998.92,7 663.844,19 994.250,32.435,1 692.14,421.91
2021.12.14,16,27 976.056,985.02,7 663.844,19 692.868,48.273,1 678.07,421.92
2021.12.14,17,27 769.625,938.63,7 548.308,19 596.558,42.145,1 494.72,421.87
2021.12.14,18,26 868.101,974.30,2 004.938,24 190.255,26.872,1 681.54,421.83
2021.12.14,19,26 166.487,974.71,2 004.938,23 458.194,26.851,1 653.41,421.81
2021.12.14,20,25 847.295,916.06,2 004.938,23 139.116,39.189,1 530.36,421.79
2021.12.14,21,25 503.948,893.43,2 004.938,22 793.204,43.589,1 470.58,421.79
2021.12.14,22,25 185.626,805.42,2 004.938,22 459.459,45.958,1 231.44,421.82
2021.12.14,23,25 149.381,765.27,2 004.938,22 412.344,38.088,1 132.42,421.82
2021.12.15,0,25 413.818,760.74,2 004.938,22 723.172,22.619,1 090.38,470.48
2021.12.15,1,25 803.009,773.63,2 074.239,23 064.662,38.930,1 077.03,470.49
2021.12.15,2,26 640.497,803.10,4 976.955,21 006.748,26.463,1 095.61,470.56
2021.12.15,3,27 411.898,802.16,5 038.655,21 734.265,27.634,1 115.94,470.63
2021.12.15,4,28 035.615,881.47,4 206.992,23 243.170,26.801,1 162.98,470.64
2021.12.15,5,28 398.087,934.69,4 206.992,23 603.538,27.577,1 262.88,470.63
2021.12.15,6,28 628.682,1 120.17,4 206.992,23 834.442,21.464,1 476.95,470.32
2021.12.15,7,28 534.392,1 114.14,4 206.992,23 743.614,29.042,1 559.95,470.31
2021.12.15,8,28 156.774,1 015.18,4 206.992,23 367.913,31.270,1 573.20,470.60
2021.12.15,9,28 255.054,947.82,4 206.992,23 485.878,37.476,1 485.21,470.62
2021.12.15,10,28 202.712,945.43,4 206.992,23 437.090,43.345,1 492.85,470.63
2021.12.15,11,28 186.224,952.48,4 206.992,23 418.120,43.650,1 493.44,470.62
2021.12.15,12,28 514.152,953.43,4 206.992,23 714.781,40.558,1 455.42,470.61
2021.12.15,13,28 843.466,980.43,4 191.527,24 048.390,29.398,1 551.45,470.63
2021.12.15,14,28 792.684,989.80,7 663.844,20 533.480,35.471,1 448.83,470.59
2021.12.15,15,28 431.607,1 041.08,7 663.844,20 175.209,37.792,1 509.61,470.61
2021.12.15,16,28 129.885,990.43,7 663.844,19 876.007,46.335,1 549.07,470.57
2021.12.15,17,27 768.235,929.95,7 548.308,19 624.638,49.708,1 506.33,470.53
2021.12.15,18,27 143.981,929.91,2 004.938,24 498.462,36.541,1 520.17,470.48
2021.12.15,19,26 495.704,927.01,2 004.938,23 830.163,38.930,1 494.35,470.44
2021.12.15,20,25 979.530,899.95,2 004.938,23 309.815,52.176,1 408.80,470.45
2021.12.15,21,25 649.428,864.69,2 004.938,22 974.028,50.752,1 333.29,470.48
2021.12.15,22,25 495.033,804.96,2 004.938,22 818.369,48.187,1 219.16,470.43
2021.12.15,23,25 280.309,764.52,2 004.938,22 591.831,41.678,1 110.58,470.43
2021.12.16,0,25 399.236,870.57,2 004.938,22 660.902,23.815,1 109.69,718.38
2021.12.16,1,25 775.550,874.33,2 074.239,22 996.363,28.384,1 100.12,718.43
2021.12.16,2,26 526.024,906.64,4 976.955,20 856.859,23.158,1 126.91,718.44
2021.12.16,3,27 351.466,934.89,5 038.655,21 650.341,28.691,1 207.68,718.60
2021.12.16,4,28 128.823,1 031.83,4 206.992,23 260.590,21.974,1 394.19,718.59
2021.12.16,5,28 573.111,1 075.20,4 206.992,23 707.120,20.603,1 465.80,718.61
2021.12.16,6,28 649.519,1 175.32,4 206.992,23 786.082,17.776,1 643.98,718.56
2021.12.16,7,28 466.979,1 242.58,4 206.992,23 607.349,21.909,1 771.14,718.65
2021.12.16,8,28 250.419,1 228.12,4 206.992,23 403.992,27.744,1 766.26,718.65
2021.12.16,9,28 137.041,1 147.71,4 206.992,23 285.481,23.787,1 638.80,718.65
2021.12.16,10,28 080.810,1 147.01,4 206.992,23 235.847,31.103,1 651.76,718.65
2021.12.16,11,28 182.245,1 146.56,4 206.992,23 352.323,35.822,1 650.56,718.65
2021.12.16,12,28 422.217,1 172.09,4 206.992,23 584.771,29.856,1 683.57,718.65
2021.12.16,13,28 620.227,1 212.10,4 191.527,23 792.265,24.443,1 757.88,718.65
2021.12.16,14,28 617.877,1 202.03,7 663.844,20 324.328,27.862,1 758.27,718.65
2021.12.16,15,28 303.378,1 154.70,7 663.844,20 011.550,27.951,1 678.46,718.65
2021.12.16,16,28 138.354,1 129.77,7 663.844,19 843.112,31.583,1 654.48,718.65
2021.12.16,17,27 860.077,1 103.00,7 548.308,19 676.381,34.207,1 632.13,718.65
2021.12.16,18,27 250.776,1 104.59,2 004.938,24 578.765,18.851,1 605.00,718.65
2021.12.16,19,26 539.468,1 073.44,2 004.938,23 839.840,22.120,1 592.38,718.61
2021.12.16,20,25 978.791,1 024.86,2 004.938,23 283.715,34.159,1 465.22,718.61
2021.12.16,21,25 596.974,1 005.63,2 004.938,22 891.972,37.026,1 388.53,718.63
2021.12.16,22,25 232.376,911.84,2 004.938,22 510.106,35.283,1 218.16,718.61
2021.12.16,23,25 095.096,872.00,2 004.938,22 362.805,28.082,1 121.75,718.60
2021.12.17,0,25 194.660,897.49,2 004.938,22 485.443,27.529,1 117.58,758.72
2021.12.17,1,25 616.580,899.87,2 074.239,22 867.339,42.636,1 105.78,758.78
2021.12.17,2,26 411.445,932.58,4 976.955,20 774.282,31.475,1 134.66,758.79
2021.12.17,3,27 210.545,949.40,5 038.655,21 541.816,34.709,1 155.15,758.95
2021.12.17,4,27 914.696,1 021.00,4 206.992,23 086.128,28.905,1 309.18,758.94
2021.12.17,5,28 378.605,1 085.08,4 206.992,23 549.477,29.783,1 420.54,758.95
2021.12.17,6,28 443.624,1 195.12,4 206.992,23 614.052,25.329,1 648.81,758.92
2021.12.17,7,28 243.476,1 245.02,4 206.992,23 413.640,30.116,1 756.41,758.89
2021.12.17,8,28 069.388,1 240.11,4 206.992,23 250.113,34.363,1 746.54,758.92
2021.12.17,9,28 023.094,1 190.98,4 206.992,23 202.636,35.145,1 679.61,761.67
2021.12.17,10,27 964.795,1 150.84,4 206.992,23 162.973,41.689,1 641.28,758.97
2021.12.17,11,28 067.704,1 163.36,4 206.992,23 274.239,44.696,1 688.65,758.98
2021.12.17,12,28 348.006,1 168.67,4 206.992,23 554.475,40.426,1 691.37,758.94
2021.12.17,13,28 652.891,1 246.75,4 191.527,23 857.943,33.711,1 762.99,758.97
2021.12.17,14,28 598.197,1 257.65,7 663.844,20 334.550,40.370,1 766.99,758.83
2021.12.17,15,28 233.847,1 232.56,7 663.844,19 976.536,38.965,1 834.18,758.88
2021.12.17,16,27 851.577,1 157.23,7 663.844,19 590.915,45.071,1 655.94,758.87
2021.12.17,17,27 574.347,1 123.55,7 548.308,19 424.847,49.877,1 668.47,758.84
2021.12.17,18,26 928.103,1 134.53,2 004.938,24 282.024,36.671,1 618.19,758.80
2021.12.17,19,26 244.053,1 091.08,2 004.938,23 570.271,40.401,1 605.11,758.71
2021.12.17,20,25 907.766,1 039.55,2 004.938,23 241.387,49.481,1 571.83,758.74
2021.12.17,21,25 287.897,974.98,2 004.938,22 603.801,48.280,1 472.10,758.74
2021.12.17,22,25 204.096,930.34,2 004.938,22 518.197,45.726,1 307.94,758.73
2021.12.17,23,25 039.543,913.86,2 004.938,22 337.133,35.327,1 162.57,758.70
2021.12.18,0,25 269.839,1 002.31,2 004.938,22 512.057,29.131,1 250.00,790.15
2021.12.18,1,25 465.163,1 031.74,2 074.239,22 703.667,75.555,1 250.00,789.78
2021.12.18,2,25 889.456,959.34,4 976.955,20 247.617,58.509,1 162.12,790.42
2021.12.18,3,26 350.511,937.38,5 038.655,20 691.303,80.712,1 138.18,790.50
2021.12.18,4,27 039.963,1 004.05,4 206.992,22 194.201,43.782,1 224.68,790.52
2021.12.18,5,27 557.220,1 051.38,4 206.992,22 705.530,30.400,1 331.96,790.43
2021.12.18,6,27 974.739,1 150.48,4 206.992,23 111.022,19.749,1 503.14,790.06
2021.12.18,7,27 982.574,1 209.21,4 206.992,23 119.214,30.468,1 574.66,789.98
2021.12.18,8,27 818.678,1 295.82,4 206.992,22 961.509,38.169,1 728.13,790.00
2021.12.18,9,27 740.581,1 299.73,4 206.992,22 891.473,49.245,1 735.09,789.95
2021.12.18,10,27 696.494,1 281.75,4 206.992,22 846.392,54.972,1 784.36,789.77
2021.12.18,11,27 805.436,1 245.76,4 206.992,22 973.582,46.643,1 767.81,790.53
2021.12.18,12,28 159.419,1 279.65,4 206.992,23 325.947,37.511,1 766.22,790.39
2021.12.18,13,28 510.189,1 308.49,4 191.527,23 698.199,32.239,1 751.58,790.06
2021.12.18,14,28 468.428,1 313.56,7 663.844,20 193.883,33.855,1 759.33,789.58
2021.12.18,15,28 057.512,1 277.95,7 663.844,19 767.487,31.203,1 742.29,789.62
2021.12.18,16,27 720.029,1 273.76,7 663.844,19 399.254,38.294,1 785.04,789.77
2021.12.18,17,27 355.577,1 197.71,7 548.308,19 153.887,39.593,1 631.91,789.76
2021.12.18,18,26 808.848,1 195.29,2 004.938,24 117.859,26.586,1 598.55,790.83
2021.12.18,19,26 309.583,1 176.05,2 004.938,23 606.603,23.932,1 584.93,789.23
2021.12.18,20,25 925.880,1 141.14,2 004.938,23 218.223,35.426,1 529.78,789.21
2021.12.18,21,25 452.425,1 106.89,2 004.938,22 733.269,35.420,1 468.39,789.19
2021.12.18,22,25 173.175,1 083.93,2 004.938,22 445.408,37.417,1 398.59,789.21
2021.12.18,23,25 136.451,1 026.81,2 004.938,22 390.929,32.689,1 250.00,789.19
2021.12.19,0,25 165.528,936.81,2 004.938,22 458.152,28.363,1 166.58,797.63
2021.12.19,1,25 311.818,939.64,2 074.239,22 594.929,81.195,1 155.73,801.95
2021.12.19,2,25 560.108,941.83,4 976.955,19 932.949,63.880,1 139.40,800.45
2021.12.19,3,25 928.514,936.02,5 038.655,20 280.245,90.918,1 137.33,802.01
2021.12.19,4,26 562.306,957.06,4 206.992,21 736.400,55.195,1 175.83,802.14
2021.12.19,5,27 225.192,1 017.03,4 206.992,22 383.343,34.991,1 249.66,805.06
2021.12.19,6,27 621.989,1 084.72,4 206.992,22 778.063,25.187,1 357.73,805.04
2021.12.19,7,27 657.924,1 090.74,4 206.992,22 830.188,38.963,1 421.08,801.81
2021.12.19,8,27 541.452,1 150.99,4 206.992,22 724.405,50.636,1 556.25,801.94
2021.12.19,9,27 489.343,1 172.83,4 206.992,22 674.904,59.034,1 592.18,801.98
2021.12.19,10,27 422.904,1 171.65,4 206.992,22 611.040,63.575,1 601.90,801.95
2021.12.19,11,27 616.949,1 210.26,4 206.992,22 802.418,53.550,1 631.89,801.69
2021.12.19,12,27 926.164,1 214.58,4 206.992,23 095.947,35.431,1 610.50,801.33
2021.12.19,13,28 282.058,1 215.12,4 191.527,23 467.550,31.171,1 593.05,801.38
2021.12.19,14,28 306.993,1 217.03,7 663.844,20 027.060,34.931,1 613.61,801.20
2021.12.19,15,27 995.551,1 215.74,7 663.844,19 711.660,32.255,1 641.62,801.31
2021.12.19,16,27 631.304,1 183.86,7 663.844,19 356.911,47.668,1 636.40,801.59
2021.12.19,17,27 296.896,1 161.56,7 548.308,19 124.646,42.987,1 714.87,801.61
2021.12.19,18,26 748.885,1 174.26,2 004.938,24 077.651,26.590,1 703.39,801.49
2021.12.19,19,26 176.696,1 099.86,2 004.938,23 478.633,26.151,1 498.99,801.41
2021.12.19,20,25 853.550,1 067.60,2 004.938,23 192.929,37.038,1 438.05,801.40
2021.12.19,21,25 462.916,1 035.48,2 004.938,22 793.627,42.174,1 375.32,801.42
2021.12.19,22,25 139.228,944.63,2 004.938,22 467.986,48.784,1 192.85,801.39
2021.12.19,23,25 100.979,928.32,2 004.938,22 415.976,43.197,1 131.29,801.37
2021.12.20,0,25 173.464,852.74,2 004.938,22 464.653,14.256,1 077.84,688.59
2021.12.20,1,25 604.635,853.27,2 074.239,22 851.793,26.932,1 067.35,688.65
2021.12.20,2,26 427.740,866.95,4 976.955,20 791.592,19.394,1 061.64,688.69
2021.12.20,3,27 192.689,869.95,5 038.655,21 519.571,21.055,1 081.45,688.80
2021.12.20,4,27 894.972,933.37,4 206.992,23 071.317,19.512,1 218.82,688.85
2021.12.20,5,28 381.790,988.58,4 206.992,23 576.194,24.414,1 294.33,688.80
2021.12.20,6,28 515.375,1 061.06,4 206.992,23 704.987,14.451,1 452.41,688.71
2021.12.20,7,28 428.259,1 109.92,4 206.992,23 619.777,20.701,1 644.41,688.74
2021.12.20,8,28 233.889,1 102.77,4 206.992,23 418.038,20.828,1 560.35,688.80
2021.12.20,9,28 224.087,1 096.83,4 206.992,23 412.973,26.037,1 555.18,688.83
2021.12.20,10,28 224.530,1 059.85,4 206.992,23 428.392,30.092,1 492.94,688.82
2021.12.20,11,28 322.539,1 061.51,4 206.992,23 534.465,34.692,1 497.52,688.76
2021.12.20,12,28 572.557,1 095.83,4 206.992,23 795.000,25.056,1 550.02,688.60
2021.12.20,13,28 844.732,1 142.41,4 191.527,24 080.842,18.414,1 601.20,688.33
2021.12.20,14,28 840.260,1 117.06,7 663.844,20 608.751,22.783,1 584.15,688.41
2021.12.20,15,28 534.256,1 088.85,7 663.844,20 284.011,21.390,1 565.30,688.64
2021.12.20,16,28 251.149,1 054.08,7 663.844,19 993.483,30.377,1 593.17,688.62
2021.12.20,17,27 905.316,1 022.67,7 548.308,19 739.984,29.951,1 456.23,688.69
2021.12.20,18,27 251.307,1 035.60,2 004.938,24 586.063,15.226,1 465.03,688.69
2021.12.20,19,26 718.755,1 002.75,2 004.938,24 035.036,17.364,1 494.91,688.59
2021.12.20,20,26 031.230,879.16,2 004.938,23 339.637,28.233,1 267.51,688.60
2021.12.20,21,25 703.294,858.70,2 004.938,23 003.075,27.000,1 237.66,688.63
2021.12.20,22,25 547.347,848.81,2 004.938,22 848.805,29.463,1 122.59,688.63
2021.12.20,23,25 349.587,815.78,2 004.938,22 647.224,32.837,1 042.56,688.57
2021.12.21,0,25 530.722,519.99,2 004.938,22 827.221,30.385,1 051.13,0.00
2021.12.21,1,25 970.210,511.97,2 074.239,23 204.851,35.901,1 024.46,0.00
2021.12.21,2,26 741.732,538.29,4 976.955,21 091.714,35.398,1 034.44,0.00
2021.12.21,3,27 550.680,589.19,5 038.655,21 875.422,31.453,1 032.44,0.00
2021.12.21,4,28 263.675,643.91,4 206.992,23 439.248,29.144,1 147.02,0.00
2021.12.21,5,28 703.915,709.78,4 206.992,23 888.026,30.867,1 232.08,0.00
2021.12.21,6,28 651.071,757.45,4 206.992,23 815.741,27.023,1 430.36,0.00
2021.12.21,7,28 514.825,790.87,4 206.992,23 670.019,32.444,1 672.74,0.00
2021.12.21,8,28 387.617,791.42,4 206.992,23 553.056,34.592,1 672.50,0.00
2021.12.21,9,28 338.627,788.45,4 206.992,23 498.655,40.510,1 655.19,0.00
2021.12.21,10,28 250.862,757.36,4 206.992,23 408.763,44.456,1 582.49,0.00
2021.12.21,11,28 368.192,836.84,4 206.992,23 545.152,47.324,1 533.08,0.00
2021.12.21,12,28 584.947,848.86,4 206.992,23 764.624,41.178,1 577.28,0.00
2021.12.21,13,28 926.835,864.52,4 191.527,24 127.179,34.205,1 587.94,0.00
2021.12.21,14,28 873.394,869.94,7 663.844,20 603.754,38.041,1 586.48,0.00
2021.12.21,15,28 561.341,838.86,7 663.844,20 276.427,36.184,1 538.59,0.00
2021.12.21,16,28 293.075,750.66,7 663.844,20 000.744,41.956,1 610.79,0.00
2021.12.21,17,27 991.000,736.67,7 548.308,19 787.008,44.397,1 599.19,0.00
2021.12.21,18,27 367.270,735.49,2 004.938,24 669.973,30.815,1 568.40,0.00
2021.12.21,19,26 970.805,709.67,2 004.938,24 260.496,32.400,1 488.68,0.00
2021.12.21,20,26 191.921,608.78,2 004.938,23 484.238,45.046,1 309.71,0.00
2021.12.21,21,25 955.657,574.24,2 004.938,23 250.765,47.556,1 264.00,0.00
2021.12.21,22,25 764.430,559.62,2 004.938,23 054.562,45.731,1 136.34,0.00
2021.12.21,23,25 575.560,518.07,2 004.938,22 849.945,38.272,1 040.46,0.00
2021.12.22,0,25 717.717,503.08,2 004.938,23 002.432,26.628,1 023.54,0.00
2021.12.22,1,26 090.043,505.56,2 074.239,23 325.229,32.396,1 020.00,0.00
2021.12.22,2,26 909.259,545.17,4 976.955,21 257.654,31.512,1 046.32,0.00
2021.12.22,3,27 734.117,669.80,5 038.655,22 070.512,27.435,1 020.00,0.00
2021.12.22,4,28 376.567,738.09,4 206.992,23 550.094,24.519,1 159.64,0.00
2021.12.22,5,28 782.420,799.55,4 206.992,23 964.779,27.908,1 274.07,0.00
2021.12.22,6,28 668.559,890.45,4 206.992,23 853.698,29.007,1 387.56,0.00
2021.12.22,7,28 590.099,798.71,4 206.992,23 746.274,33.444,1 691.24,0.00
2021.12.22,8,28 395.572,796.15,4 206.992,23 559.334,38.279,1 687.07,0.00
2021.12.22,9,28 282.286,793.29,4 206.992,23 433.699,39.868,1 671.06,0.00
2021.12.22,10,28 194.092,789.98,4 206.992,23 344.921,39.497,1 672.51,0.00
2021.12.22,11,28 176.255,843.48,4 206.992,23 334.325,43.794,1 536.46,0.00
2021.12.22,12,28 467.510,923.63,4 206.992,23 669.710,39.680,1 476.77,0.00
2021.12.22,13,28 732.235,938.87,4 191.527,23 943.309,33.099,1 482.40,0.00
2021.12.22,14,28 733.709,925.10,7 663.844,20 481.615,37.699,1 485.55,0.00
2021.12.22,15,28 488.407,834.53,7 663.844,20 201.333,36.467,1 521.67,0.00
2021.12.22,16,28 203.895,745.88,7 663.844,19 905.998,41.318,1 586.01,0.00
2021.12.22,17,27 953.729,726.41,7 548.308,19 762.412,43.810,1 572.79,0.00
2021.12.22,18,27 336.449,729.38,2 004.938,24 651.074,30.946,1 553.03,0.00
2021.12.22,19,27 004.762,714.50,2 004.938,24 308.077,32.350,1 509.87,0.00
2021.12.22,20,26 208.086,624.52,2 004.938,23 517.030,44.986,1 321.52,0.00
2021.12.22,21,26 000.364,574.16,2 004.938,23 309.208,49.452,1 244.87,0.00
2021.12.22,22,25 885.092,558.68,2 004.938,23 197.399,48.339,1 142.19,0.00
2021.12.22,23,25 708.310,514.31,2 004.938,22 997.658,38.536,1 039.37,0.00
2021.12.23,0,25 736.558,813.55,2 004.938,23 001.940,32.239,1 020.00,711.57
2021.12.23,1,26 115.437,809.52,2 074.239,23 312.530,28.196,1 020.00,711.64
2021.12.23,2,26 893.319,870.96,4 976.955,21 211.426,34.819,1 275.53,711.59
2021.12.23,3,27 695.102,880.79,5 038.655,21 965.447,35.450,1 359.09,711.66
2021.12.23,4,28 419.540,927.26,4 206.992,23 549.011,26.842,1 299.64,711.50
2021.12.23,5,28 757.895,968.82,4 206.992,23 892.805,27.571,1 264.01,711.53
2021.12.23,6,28 829.807,1 087.36,4 206.992,23 978.770,28.980,1 472.36,710.99
2021.12.23,7,28 668.643,1 137.09,4 206.992,23 828.246,33.693,1 620.82,710.80
2021.12.23,8,28 586.024,1 129.12,4 206.992,23 749.472,33.687,1 612.60,710.84
2021.12.23,9,28 539.884,1 102.47,4 206.992,23 702.840,34.521,1 577.03,711.37
2021.12.23,10,28 506.994,1 083.86,4 206.992,23 671.759,37.155,1 559.94,711.38
2021.12.23,11,28 638.507,1 086.92,4 206.992,23 817.856,41.671,1 557.31,711.34
2021.12.23,12,28 868.745,1 110.71,4 206.992,24 048.456,37.951,1 575.14,711.29
2021.12.23,13,29 128.882,1 139.80,4 191.527,24 323.134,33.745,1 622.16,711.24
2021.12.23,14,29 031.116,1 135.41,7 663.844,20 756.854,37.589,1 629.07,711.18
2021.12.23,15,28 870.350,1 115.71,7 663.844,20 593.068,34.934,1 626.17,711.30
2021.12.23,16,28 635.628,1 086.45,7 663.844,20 352.844,35.402,1 577.12,711.23
2021.12.23,17,28 357.597,1 068.41,7 548.308,20 193.208,38.213,1 557.70,711.21
2021.12.23,18,27 710.837,1 063.22,2 004.938,25 056.508,22.703,1 547.98,711.05
2021.12.23,19,26 988.371,967.21,2 004.938,24 318.885,25.017,1 395.46,711.11
2021.12.23,20,26 468.856,885.72,2 004.938,23 793.732,36.218,1 334.70,711.15
2021.12.23,21,26 333.733,884.91,2 004.938,23 660.869,40.650,1 225.18,711.15
2021.12.23,22,26 085.619,858.97,2 004.938,23 400.091,40.689,1 129.40,711.20
2021.12.23,23,25 777.241,828.01,2 004.938,23 054.062,35.141,1 038.89,711.41
2021.12.24,0,25 785.771,830.92,2 004.938,23 049.485,36.568,1 020.00,725.42
2021.12.24,1,26 182.716,838.44,2 074.239,23 397.867,34.957,1 020.00,725.36
2021.12.24,2,26 892.758,868.68,4 976.955,21 244.570,36.892,1 028.93,725.20
2021.12.24,3,27 725.066,908.28,5 038.655,22 029.548,40.231,1 188.96,725.26
2021.12.24,4,28 472.965,951.38,4 206.992,23 638.217,31.753,1 176.30,725.03
2021.12.24,5,28 913.508,989.21,4 206.992,24 084.841,33.039,1 244.15,725.04
2021.12.24,6,28 997.063,1 086.13,4 206.992,24 176.382,31.766,1 427.22,725.00
2021.12.24,7,29 043.865,1 126.52,4 206.992,24 231.912,38.219,1 557.92,725.00
2021.12.24,8,29 040.828,1 130.86,4 206.992,24 235.216,37.713,1 559.07,725.00
2021.12.24,9,29 003.504,1 128.08,4 206.992,24 200.083,40.538,1 532.58,725.00
2021.12.24,10,28 957.615,1 116.82,4 206.992,24 158.463,43.788,1 514.72,725.00
2021.12.24,11,29 087.250,1 118.70,4 206.992,24 289.302,50.013,1 511.44,725.00
2021.12.24,12,29 288.229,1 126.86,4 206.992,24 490.943,47.010,1 530.87,725.15
2021.12.24,13,29 493.676,1 187.18,4 191.527,24 709.104,39.644,1 624.53,725.11
2021.12.24,14,29 488.549,1 131.03,7 663.844,21 232.826,43.878,1 594.87,725.08
2021.12.24,15,29 284.568,1 144.43,7 663.844,21 031.695,42.926,1 553.95,724.79
2021.12.24,16,29 034.812,1 117.51,7 663.844,20 785.774,44.071,1 504.36,724.84
2021.12.24,17,28 607.751,1 075.90,7 548.308,20 474.604,51.109,1 492.78,725.00
2021.12.24,18,27 855.335,1 100.00,2 004.938,25 229.209,39.196,1 575.24,658.69
2021.12.24,19,27 154.466,1 087.23,2 004.938,24 500.396,43.868,1 618.81,641.95
2021.12.24,20,26 848.417,1 026.32,2 004.938,24 198.866,49.355,1 431.81,725.19
2021.12.24,21,26 358.344,1 011.55,2 004.938,23 668.015,49.202,1 416.07,621.05
2021.12.24,22,26 064.916,931.80,2 004.938,23 391.695,49.444,1 246.96,725.28
2021.12.24,23,25 944.080,884.64,2 004.938,23 271.676,44.783,1 131.77,725.21
2021.12.25,0,25 950.095,869.22,2 004.938,23 206.804,20.588,1 152.27,685.64
2021.12.25,1,26 072.640,890.27,2 074.239,23 248.261,24.935,1 250.00,595.15
2021.12.25,2,26 516.574,868.99,4 976.955,20 848.340,26.081,1 106.52,685.63
2021.12.25,3,27 038.883,837.48,5 038.655,21 337.965,23.567,1 056.79,685.59
2021.12.25,4,27 746.104,943.77,4 206.992,22 863.175,20.940,1 250.00,685.11
2021.12.25,5,28 336.664,981.56,4 206.992,23 463.049,18.382,1 285.38,685.17
2021.12.25,6,28 664.079,1 044.92,4 206.992,23 813.025,14.201,1 407.74,685.55
2021.12.25,7,28 677.577,1 137.18,4 206.992,23 836.022,22.343,1 519.76,684.91
2021.12.25,8,28 577.623,1 183.40,4 206.992,23 735.451,19.736,1 696.66,685.55
2021.12.25,9,28 480.081,1 199.23,4 206.992,23 631.585,19.996,1 799.64,685.56
2021.12.25,10,28 435.700,1 198.56,4 206.992,23 593.274,24.136,1 731.61,685.54
2021.12.25,11,28 523.560,1 199.87,4 206.992,23 700.709,32.248,1 729.44,685.56
2021.12.25,12,28 770.809,1 243.43,4 206.992,23 949.643,27.083,1 786.97,685.52
2021.12.25,13,29 102.500,1 282.13,4 191.527,24 296.880,21.787,1 784.82,685.46
2021.12.25,14,29 092.276,1 262.13,7 663.844,20 811.334,22.638,1 888.12,685.38
2021.12.25,15,28 746.469,1 271.07,7 663.844,20 432.998,19.125,1 766.43,684.97
2021.12.25,16,28 385.819,1 254.87,7 663.844,20 056.763,20.089,1 840.23,684.97
2021.12.25,17,28 149.653,1 226.80,7 548.308,19 921.607,22.161,1 720.25,684.98
2021.12.25,18,27 515.124,1 239.45,2 004.938,24 795.957,12.336,1 698.09,684.99
2021.12.25,19,26 994.843,1 165.56,2 004.938,24 272.945,16.055,1 762.82,685.67
2021.12.25,20,26 870.420,1 035.00,2 004.938,24 176.529,23.471,1 568.35,685.52
2021.12.25,21,26 435.068,1 028.88,2 004.938,23 704.870,25.681,1 447.98,684.84
2021.12.25,22,26 016.801,995.50,2 004.938,23 267.416,28.813,1 344.46,684.90
2021.12.25,23,25 740.639,1 014.33,2 004.938,22 969.982,25.020,2 581.00,685.10
2021.12.26,0,25 791.269,894.28,2 004.938,23 086.010,14.700,1 117.61,753.75
2021.12.26,1,26 060.352,891.55,2 074.239,23 300.075,15.841,1 089.24,753.80
2021.12.26,2,26 423.789,898.54,4 976.955,20 788.218,23.998,1 078.03,753.64
2021.12.26,3,26 872.774,889.69,5 038.655,21 188.181,23.784,1 079.50,753.81
2021.12.26,4,27 545.106,957.69,4 206.992,22 700.083,23.347,1 145.58,753.74
2021.12.26,5,28 044.038,1 019.34,4 206.992,23 197.676,18.319,1 236.78,753.48
2021.12.26,6,28 425.347,1 066.27,4 206.992,23 578.185,14.930,1 315.45,753.26
2021.12.26,7,28 436.329,1 092.03,4 206.992,23 588.473,22.037,1 401.90,753.22
2021.12.26,8,28 360.104,1 166.34,4 206.992,23 507.700,23.342,1 559.38,753.03
2021.12.26,9,28 361.410,1 212.78,4 206.992,23 510.205,24.504,1 646.35,752.85
2021.12.26,10,28 422.766,1 217.06,4 206.992,23 571.509,27.778,1 664.45,752.94
2021.12.26,11,28 443.997,1 236.69,4 206.992,23 601.460,33.302,1 659.43,752.91
2021.12.26,12,28 739.714,1 279.27,4 206.992,23 900.226,30.561,1 656.52,752.72
2021.12.26,13,29 116.208,1 271.26,4 191.527,24 297.381,22.268,1 633.44,752.50
2021.12.26,14,29 125.861,1 306.82,7 663.844,20 820.285,21.093,1 689.78,752.36
2021.12.26,15,28 799.565,1 291.61,7 663.844,20 486.414,18.516,1 726.03,752.61
2021.12.26,16,28 433.768,1 262.86,7 663.844,20 127.724,21.866,1 720.20,752.60
2021.12.26,17,28 105.186,1 192.87,7 548.308,19 934.101,28.188,1 635.58,752.86
2021.12.26,18,27 510.171,1 243.15,2 004.938,24 851.514,17.847,1 681.44,752.49
2021.12.26,19,27 192.842,1 153.41,2 004.938,24 530.334,19.537,1 569.11,752.69
2021.12.26,20,26 872.120,1 097.84,2 004.938,24 215.469,27.291,1 505.37,753.03
2021.12.26,21,26 489.294,1 059.15,2 004.938,23 821.853,29.545,1 411.95,753.17
2021.12.26,22,26 212.293,957.74,2 004.938,23 543.760,31.348,1 244.30,753.46
2021.12.26,23,25 980.947,899.83,2 004.938,23 293.815,23.706,1 125.96,753.66
2021.12.27,0,25 934.761,890.28,2 004.938,23 201.961,16.877,1 089.56,758.81
2021.12.27,1,26 377.716,896.63,2 074.239,23 599.929,15.728,1 079.24,758.78
2021.12.27,2,27 212.819,953.33,4 976.955,21 518.896,20.949,1 163.13,759.25
2021.12.27,3,28 035.221,1 024.95,5 038.655,22 287.332,21.155,1 285.98,758.72
2021.12.27,4,28 800.187,1 063.13,4 206.992,23 914.218,16.456,1 394.87,758.68
2021.12.27,5,29 292.547,1 116.02,4 206.992,24 415.878,19.348,1 451.69,758.74
2021.12.27,6,29 371.386,1 225.39,4 206.992,24 488.635,15.866,1 593.32,758.67
2021.12.27,7,29 241.156,1 319.93,4 206.992,24 354.000,22.768,1 798.81,758.57
2021.12.27,8,29 032.873,1 293.59,4 206.992,24 156.074,23.515,1 772.50,759.31
2021.12.27,9,28 933.429,1 284.57,4 206.992,24 055.787,25.838,1 762.40,759.33
2021.12.27,10,28 921.716,1 316.22,4 206.992,24 042.163,27.888,1 746.35,758.72
2021.12.27,11,28 947.482,1 291.69,4 206.992,24 083.976,33.659,1 777.13,759.26
2021.12.27,12,29 177.157,1 333.95,4 206.992,24 317.090,26.643,1 777.11,758.59
2021.12.27,13,29 485.825,1 340.37,4 191.527,24 633.118,21.291,1 773.01,758.63
2021.12.27,14,29 414.482,1 307.90,7 663.844,21 079.930,21.460,1 769.92,758.98
2021.12.27,15,29 075.305,1 293.25,7 663.844,20 768.249,20.473,1 794.45,757.86
2021.12.27,16,28 791.686,1 229.55,7 663.844,20 486.608,24.828,1 734.16,757.97
2021.12.27,17,28 495.766,1 186.44,7 548.308,20 311.129,27.899,1 732.11,758.20
2021.12.27,18,27 912.178,1 133.64,2 004.938,25 225.654,16.067,1 609.06,758.19
2021.12.27,19,27 331.644,1 055.74,2 004.938,24 659.320,16.337,1 495.92,758.70
2021.12.27,20,26 781.145,1 020.36,2 004.938,24 098.159,22.876,1 418.26,758.72
2021.12.27,21,26 467.043,967.25,2 004.938,23 775.023,27.611,1 330.99,758.79
2021.12.27,22,26 260.817,921.08,2 004.938,23 568.040,32.396,1 212.65,758.77
2021.12.27,23,25 832.568,890.58,2 004.938,23 098.728,31.072,1 111.40,758.91
2021.12.28,0,25 846.127,867.79,2 004.938,23 132.816,25.971,1 102.34,725.67
2021.12.28,1,26 303.564,877.32,2 074.239,23 544.116,24.731,1 083.49,725.63
2021.12.28,2,27 033.736,911.51,4 976.955,21 389.596,29.807,1 091.77,725.45
2021.12.28,3,27 782.273,955.66,5 038.655,22 094.415,31.352,1 174.60,725.42
2021.12.28,4,28 487.609,1 003.54,4 206.992,23 642.834,25.207,1 257.10,725.31
2021.12.28,5,28 938.771,1 075.18,4 206.992,24 085.094,24.188,1 382.06,725.04
2021.12.28,6,29 042.088,1 144.55,4 206.992,24 182.236,26.432,1 458.38,725.00
2021.12.28,7,28 885.178,1 211.90,4 206.992,24 021.813,28.572,1 611.46,725.00
2021.12.28,8,28 748.950,1 230.37,4 206.992,23 893.026,27.993,1 639.76,725.00
2021.12.28,9,28 663.146,1 215.00,4 206.992,23 800.967,26.303,1 633.84,725.00
2021.12.28,10,28 597.804,1 205.98,4 206.992,23 742.724,29.167,1 631.60,725.00
2021.12.28,11,28 720.415,1 212.18,4 206.992,23 875.243,35.031,1 627.13,725.00
2021.12.28,12,28 916.795,1 216.09,4 206.992,24 067.845,29.016,1 618.03,725.00
2021.12.28,13,29 098.441,1 241.08,4 191.527,24 265.170,30.989,1 640.29,725.00
2021.12.28,14,29 079.964,1 236.56,7 663.844,20 775.371,30.301,1 637.75,725.00
2021.12.28,15,28 831.194,1 234.13,7 663.844,20 525.614,30.888,1 662.38,725.00
2021.12.28,16,28 674.190,1 219.98,7 663.844,20 355.676,29.455,1 756.17,724.95
2021.12.28,17,28 419.402,1 177.06,7 548.308,20 227.009,36.225,1 586.76,725.00
2021.12.28,18,27 997.561,1 127.12,2 004.938,25 337.671,26.357,1 543.11,725.00
2021.12.28,19,27 343.237,1 113.30,2 004.938,24 673.529,24.745,1 519.71,725.00
2021.12.28,20,26 788.191,1 045.93,2 004.938,24 108.929,27.380,1 468.44,725.01
2021.12.28,21,26 486.931,955.08,2 004.938,23 809.585,30.941,1 323.18,725.33
2021.12.28,22,26 026.634,890.71,2 004.938,23 337.718,34.227,1 176.39,725.49
2021.12.28,23,25 756.815,855.17,2 004.938,23 024.945,29.193,1 083.21,725.68
2021.12.29,0,25 628.320,869.19,2 004.938,22 912.780,25.009,1 071.81,744.34
2021.12.29,1,26 024.937,869.79,2 074.239,23 253.467,26.366,1 057.32,744.35
2021.12.29,2,26 779.478,891.73,4 976.955,21 157.978,29.018,1 072.72,744.10
2021.12.29,3,27 510.656,945.73,5 038.655,21 849.110,35.097,1 256.45,744.15
2021.12.29,4,28 190.526,975.13,4 206.992,23 375.244,33.541,1 329.34,744.14
2021.12.29,5,28 604.841,1 013.64,4 206.992,23 793.975,35.938,1 330.82,744.01
2021.12.29,6,28 687.357,1 117.92,4 206.992,23 870.269,27.619,1 682.68,743.61
2021.12.29,7,28 585.429,1 146.85,4 206.992,23 771.174,30.590,1 812.97,743.52
2021.12.29,8,28 698.207,1 156.30,4 206.992,23 897.693,30.516,1 851.32,743.51
2021.12.29,9,28 620.253,1 152.45,4 206.992,23 814.564,30.991,1 836.89,743.57
2021.12.29,10,28 682.396,1 163.19,4 206.992,23 885.302,33.380,1 793.49,743.51
2021.12.29,11,28 836.839,1 157.79,4 206.992,24 040.070,37.521,1 689.40,743.54
2021.12.29,12,29 041.293,1 195.58,4 206.992,24 250.023,36.088,1 696.24,743.37
2021.12.29,13,29 069.638,1 180.48,4 191.527,24 296.142,34.319,1 839.32,743.50
2021.12.29,14,29 039.094,1 178.98,7 663.844,20 789.768,33.280,1 849.42,743.40
2021.12.29,15,29 021.986,1 213.48,7 663.844,20 774.063,36.710,1 786.68,743.40
2021.12.29,16,28 880.488,1 184.29,7 663.844,20 629.181,40.356,1 774.13,743.46
2021.12.29,17,28 392.569,1 211.47,7 548.308,20 255.503,48.424,1 771.06,743.30
2021.12.29,18,28 003.852,1 165.21,2 004.938,25 411.027,43.335,1 719.16,743.41
2021.12.29,19,27 433.056,1 106.21,2 004.938,24 833.710,43.037,1 591.50,743.47
2021.12.29,20,26 898.517,971.60,2 004.938,24 294.633,47.751,1 507.67,597.48
2021.12.29,21,26 562.706,931.84,2 004.938,23 951.058,44.971,1 334.15,744.09
2021.12.29,22,26 205.818,904.02,2 004.938,23 561.636,44.624,1 199.29,744.13
2021.12.29,23,25 997.228,884.01,2 004.938,23 324.099,34.525,1 136.52,744.20
2021.12.30,0,25 833.005,896.31,2 004.938,23 107.093,16.606,1 097.30,784.70
2021.12.30,1,26 205.019,900.58,2 074.239,23 442.398,21.853,1 088.50,784.63
2021.12.30,2,26 928.483,922.73,4 976.955,21 308.981,16.968,1 151.27,784.47
2021.12.30,3,27 707.036,963.01,5 038.655,22 059.607,30.478,1 287.55,784.44
2021.12.30,4,28 347.148,973.77,4 206.992,23 536.869,20.374,1 271.38,784.43
2021.12.30,5,28 849.727,1 065.50,4 206.992,24 031.450,18.496,1 401.58,784.10
2021.12.30,6,29 214.427,1 130.70,4 206.992,24 396.139,21.415,1 608.65,783.96
2021.12.30,7,29 337.829,1 193.51,4 206.992,24 518.221,24.154,1 747.22,783.72
2021.12.30,8,29 265.789,1 200.73,4 206.992,24 452.780,20.261,1 781.57,783.81
2021.12.30,9,29 214.607,1 187.64,4 206.992,24 400.446,21.586,1 771.73,783.85
2021.12.30,10,29 149.189,1 178.09,4 206.992,24 337.065,21.786,1 764.41,783.87
2021.12.30,11,29 202.603,1 191.45,4 206.992,24 402.114,29.553,1 765.33,783.84
2021.12.30,12,29 291.032,1 187.54,4 206.992,24 490.796,23.109,1 696.11,783.62
2021.12.30,13,29 454.155,1 283.30,4 191.527,24 673.789,27.129,1 769.06,783.37
2021.12.30,14,29 474.595,1 278.00,7 663.844,21 213.651,24.209,1 796.66,783.34
2021.12.30,15,29 324.025,1 234.17,7 663.844,21 056.911,25.656,1 814.26,783.59
2021.12.30,16,29 139.899,1 189.80,7 663.844,20 868.456,19.374,1 794.16,783.71
2021.12.30,17,28 539.663,1 226.10,7 548.308,20 386.970,21.931,1 789.09,783.55
2021.12.30,18,28 006.007,1 195.64,2 004.938,25 378.963,15.315,1 692.27,783.80
2021.12.30,19,27 670.266,1 108.02,2 004.938,25 039.914,12.472,1 621.73,783.77
2021.12.30,20,27 129.249,1 042.32,2 004.938,24 493.055,12.960,1 534.84,783.99
2021.12.30,21,26 743.596,961.05,2 004.938,24 085.594,21.154,1 433.23,640.65
2021.12.30,22,26 492.032,939.68,2 004.938,23 817.420,21.735,1 274.00,784.37
2021.12.30,23,26 187.467,917.91,2 004.938,23 485.525,16.857,1 190.21,784.49
2021.12.31,0,25 827.496,828.57,2 004.938,23 124.386,10.802,1 085.91,693.13
2021.12.31,1,25 948.621,822.67,2 074.239,23 214.856,39.606,1 052.81,693.11
2021.12.31,2,26 207.057,870.35,4 976.955,20 544.795,19.030,1 079.28,692.94
2021.12.31,3,26 758.545,928.25,5 038.655,21 025.609,33.104,1 125.82,692.90
2021.12.31,4,27 310.996,852.15,4 206.992,22 508.053,14.473,1 087.66,692.95
2021.12.31,5,27 834.884,907.55,4 206.992,23 025.855,11.616,1 165.49,692.76
2021.12.31,6,28 189.738,913.20,4 206.992,23 386.628,8.235,1 235.75,692.72
2021.12.31,7,28 193.056,1 030.11,4 206.992,23 377.474,11.689,1 424.53,692.45
2021.12.31,8,28 327.225,1 063.58,4 206.992,23 517.065,10.981,1 487.06,692.36
2021.12.31,9,28 397.215,1 090.32,4 206.992,23 587.697,10.073,1 553.80,692.30
2021.12.31,10,28 399.452,1 091.81,4 206.992,23 595.549,13.503,1 564.64,692.29
2021.12.31,11,28 437.314,1 107.76,4 206.992,23 633.796,18.492,1 591.62,692.24
2021.12.31,12,28 654.153,1 109.30,4 206.992,23 864.455,18.910,1 558.21,692.21
2021.12.31,13,28 813.363,1 107.33,4 191.527,24 052.468,22.097,1 513.01,692.07
2021.12.31,14,28 974.012,1 181.70,7 663.844,20 728.896,21.941,1 699.02,691.99
2021.12.31,15,28 707.113,1 102.36,7 663.844,20 471.666,19.447,1 555.99,692.16
2021.12.31,16,28 460.602,1 099.02,7 663.844,20 223.225,23.491,1 548.56,692.16
2021.12.31,17,27 957.867,1 149.52,7 548.308,19 807.793,21.772,1 663.23,692.07
2021.12.31,18,27 236.747,1 064.93,2 004.938,24 577.623,22.624,1 479.98,692.50
2021.12.31,19,27 103.849,1 061.30,2 004.938,24 490.120,23.215,1 563.59,692.46
2021.12.31,20,26 749.162,995.88,2 004.938,24 138.086,28.865,1 432.20,692.51
2021.12.31,21,26 540.446,965.93,2 004.938,23 928.001,28.159,1 389.44,692.80
2021.12.31,22,26 343.671,921.80,2 004.938,23 720.611,23.572,1 340.52,692.84
2021.12.31,23,26 186.767,878.11,2 004.938,23 552.372,16.842,1 232.33,692.53
2022.01.01,0,25 276.700,874.89,2 242.192,22 315.232,32.484,1 129.25,741.14
2022.01.01,1,25 211.730,873.15,2 301.977,22 234.341,78.462,1 120.49,741.19
2022.01.01,2,25 249.568,872.91,5 645.031,18 933.457,81.495,1 105.44,741.15
2022.01.01,3,25 352.946,867.64,5 698.595,19 033.126,128.098,1 086.36,741.02
2022.01.01,4,25 585.273,855.26,4 735.931,20 211.827,107.850,1 072.67,739.86
2022.01.01,5,25 864.025,855.87,4 735.931,20 475.971,85.001,1 073.14,735.43
2022.01.01,6,26 124.256,855.63,4 735.931,20 730.934,70.990,1 080.62,729.22
2022.01.01,7,26 323.402,876.90,4 735.931,20 939.019,73.659,1 121.06,741.11
2022.01.01,8,26 386.625,852.13,4 735.931,21 001.882,79.964,1 048.78,732.80
2022.01.01,9,26 311.713,853.04,4 735.931,20 927.331,85.107,1 067.15,730.10
2022.01.01,10,26 267.033,877.81,4 735.931,20 892.897,87.448,1 139.43,740.49
2022.01.01,11,26 309.512,874.71,4 735.931,20 940.595,83.738,1 143.86,732.36
2022.01.01,12,26 564.042,896.74,4 735.931,21 176.718,46.138,1 161.19,741.12
2022.01.01,13,27 014.483,906.26,4 722.937,21 659.404,32.533,1 182.93,741.13
2022.01.01,14,27 200.750,910.86,8 727.144,17 847.709,36.781,1 214.07,740.38
2022.01.01,15,27 080.721,913.26,8 727.144,17 723.090,37.195,1 242.23,741.17
2022.01.01,16,26 962.013,909.44,8 727.144,17 595.674,39.902,1 239.06,741.11
2022.01.01,17,26 797.494,939.49,8 626.789,17 529.945,37.039,1 265.39,741.13
2022.01.01,18,26 472.056,911.83,2 242.192,23 560.301,26.005,1 243.32,740.95
2022.01.01,19,26 076.801,899.80,2 242.192,23 141.421,27.441,1 208.33,740.88
2022.01.01,20,25 716.000,889.71,2 242.192,22 768.580,31.328,1 178.11,740.91
2022.01.01,21,25 442.667,883.56,2 242.192,22 487.219,32.889,1 153.30,741.12
2022.01.01,22,25 229.349,874.68,2 242.192,22 264.650,33.042,1 126.34,740.99
2022.01.01,23,25 063.962,867.38,2 242.192,22 088.195,25.963,1 095.07,741.09
2022.01.02,0,24 955.838,844.60,2 242.192,21 983.168,26.594,1 058.50,725.50
2022.01.02,1,25 083.516,854.17,2 301.977,22 094.013,68.090,1 059.20,736.36
2022.01.02,2,25 327.250,856.43,5 645.031,18 996.335,64.791,1 051.23,736.31
2022.01.02,3,25 684.069,847.67,5 698.595,19 342.659,92.453,1 036.54,725.00
2022.01.02,4,26 074.870,848.95,4 735.931,20 679.395,64.043,1 055.66,726.99
2022.01.02,5,26 573.855,874.13,4 735.931,21 170.653,37.878,1 099.29,735.85
2022.01.02,6,26 927.280,887.13,4 735.931,21 526.302,25.225,1 135.16,736.57
2022.01.02,7,27 067.158,918.93,4 735.931,21 691.424,29.678,1 218.88,736.59
2022.01.02,8,27 013.055,981.47,4 735.931,21 650.196,43.104,1 321.30,736.56
2022.01.02,9,27 076.107,1 079.88,4 735.931,21 724.951,56.463,1 494.72,736.55
2022.01.02,10,27 097.456,1 088.64,4 735.931,21 749.574,60.727,1 526.28,736.53
2022.01.02,11,27 132.431,1 089.68,4 735.931,21 776.943,55.284,1 514.51,736.55
2022.01.02,12,27 336.638,1 115.05,4 735.931,21 971.477,36.714,1 509.95,736.58
2022.01.02,13,27 638.227,1 145.69,4 722.937,22 284.703,34.003,1 557.40,736.58
2022.01.02,14,27 697.031,1 167.00,8 727.144,18 338.559,31.070,1 625.11,736.55
2022.01.02,15,27 508.118,1 160.87,8 727.144,18 152.590,35.499,1 637.88,736.55
2022.01.02,16,27 369.658,1 155.23,8 727.144,18 013.591,35.225,1 627.58,736.52
2022.01.02,17,26 978.009,1 177.88,8 626.789,17 718.965,39.055,1 649.09,736.51
2022.01.02,18,26 689.267,1 139.11,2 242.192,23 802.198,33.125,1 594.86,736.49
2022.01.02,19,26 382.502,1 113.47,2 242.192,23 493.041,34.250,1 540.25,736.44
2022.01.02,20,25 987.091,1 057.05,2 242.192,23 100.604,39.793,1 462.44,736.41
2022.01.02,21,25 796.784,1 005.17,2 242.192,22 911.916,42.866,1 389.35,736.41
2022.01.02,22,25 629.783,914.56,2 242.192,22 734.340,42.583,1 246.33,736.19
2022.01.02,23,25 202.801,878.79,2 242.192,22 258.141,36.900,1 137.71,736.53
