Дата,День,"Объем планового производства, МВт.ч","Индекс равновесных цен на продажу электроэнергии, руб./МВт.ч.","Объем продажи по регулируемым договорам, МВт.ч","Объем продажи на РСВ, МВт.ч","Объем покупки в обеспечение РД, МВт.ч","Максимальный индекс равновесной цены за период, руб./МВт.ч","Минимальный индекс равновесной цены за период, руб./МВт.ч"
2021.11.25,0,25 580.021,701.88,1 874.616,22 732.805,100.550,5 004.48,572.16
2021.11.25,1,25 818.505,701.97,1 936.600,22 908.103,99.348,5 004.48,572.16
2021.11.25,2,26 454.530,786.98,4 670.702,20 956.883,246.205,5 004.48,572.16
2021.11.25,3,27 183.570,801.44,4 727.264,21 631.569,248.413,5 004.48,572.16
2021.11.25,4,27 672.943,871.90,3 942.906,22 864.686,208.799,5 004.48,572.16
2021.11.25,5,28 025.114,920.63,3 942.906,23 211.857,208.799,5 004.48,572.16
2021.11.25,6,28 190.471,968.70,3 942.906,23 377.214,208.799,5 004.48,572.16
2021.11.25,7,28 098.606,980.16,3 942.906,23 285.349,208.799,5 004.48,572.16
2021.11.25,8,27 982.994,922.90,3 942.906,23 175.737,208.799,5 004.48,572.16
2021.11.25,9,27 842.126,815.32,3 942.906,23 103.196,277.126,5 004.48,571.35
2021.11.25,10,27 810.128,808.86,3 942.906,23 071.198,277.126,5 004.48,571.34
2021.11.25,11,27 940.776,816.81,3 942.906,23 201.846,277.126,5 004.48,571.33
2021.11.25,12,28 220.734,822.71,3 942.906,23 481.804,277.126,5 004.48,571.34
2021.11.25,13,28 595.012,832.89,3 928.789,23 798.428,211.355,5 004.48,572.16
2021.11.25,14,28 562.977,837.24,7 200.318,21 105.470,821.961,5 004.48,572.16
2021.11.25,15,28 240.735,823.07,7 200.318,20 897.766,936.499,5 004.48,571.32
2021.11.25,16,27 948.218,979.79,7 200.318,20 340.938,672.188,5 004.48,572.16
2021.11.25,17,27 566.358,782.68,7 095.889,20 065.899,668.580,5 004.48,572.16
2021.11.25,18,26 997.941,884.71,1 874.616,24 150.725,100.550,5 004.48,572.16
2021.11.25,19,26 288.943,886.12,1 874.616,23 441.727,100.550,5 004.48,572.16
2021.11.25,20,25 948.682,813.79,1 874.616,23 101.466,100.550,5 004.48,571.30
2021.11.25,21,25 713.091,782.56,1 874.616,22 865.875,100.550,5 004.48,571.31
2021.11.25,22,25 466.094,725.92,1 874.616,22 618.878,100.550,5 004.48,571.30
2021.11.25,23,25 377.614,698.72,1 874.616,22 530.398,100.550,5 004.48,571.29
2021.11.26,0,25 213.512,610.27,1 874.616,22 377.126,110.380,5 004.48,474.91
2021.11.26,1,25 681.747,629.04,1 936.600,22 803.800,130.803,5 004.48,474.92
2021.11.26,2,26 370.710,731.27,4 670.702,20 905.518,277.660,5 004.48,475.62
2021.11.26,3,27 071.590,638.19,4 727.264,21 545.753,273.577,5 004.48,475.62
2021.11.26,4,27 573.092,881.36,3 942.906,22 790.999,233.963,5 004.48,475.62
2021.11.26,5,27 956.380,935.43,3 942.906,23 169.287,233.963,5 004.48,475.62
2021.11.26,6,28 124.904,958.01,3 942.906,23 337.811,233.963,5 004.48,475.62
2021.11.26,7,28 016.482,961.67,3 942.906,23 229.389,233.963,5 004.48,475.62
2021.11.26,8,27 911.198,867.26,3 942.906,23 130.105,233.963,5 004.48,475.62
2021.11.26,9,27 787.348,733.33,3 942.906,23 080.432,302.290,5 004.48,474.92
2021.11.26,10,27 762.580,731.44,3 942.906,23 055.664,302.290,5 004.48,474.91
2021.11.26,11,27 857.753,732.25,3 942.906,23 148.584,300.037,5 004.48,474.91
2021.11.26,12,28 038.114,736.24,3 942.906,23 328.945,300.037,5 004.48,474.87
2021.11.26,13,28 394.173,749.71,3 928.789,23 715.500,322.416,5 004.48,474.87
2021.11.26,14,28 539.686,751.49,7 200.318,21 132.927,865.859,5 004.48,475.60
2021.11.26,15,28 166.975,744.25,7 200.318,20 820.352,925.995,5 004.48,474.85
2021.11.26,16,27 924.866,898.89,7 200.318,20 378.712,726.464,5 004.48,475.61
2021.11.26,17,27 536.971,696.70,7 095.889,20 126.226,751.444,5 004.48,475.60
2021.11.26,18,27 150.051,903.06,1 874.616,24 319.515,110.380,5 004.48,475.58
2021.11.26,19,26 464.304,873.32,1 874.616,23 639.530,116.142,5 004.48,475.58
2021.11.26,20,26 140.654,789.95,1 874.616,23 315.880,116.142,5 004.48,475.58
2021.11.26,21,25 783.188,740.20,1 874.616,22 975.455,133.183,5 004.48,475.57
2021.11.26,22,25 587.187,711.99,1 874.616,22 779.454,133.183,5 004.48,475.57
2021.11.26,23,25 427.330,652.51,1 874.616,22 619.597,133.183,5 004.48,475.57
2021.11.27,0,25 089.622,899.11,1 874.616,22 345.716,158.810,5 004.48,767.53
2021.11.27,1,25 245.751,900.66,1 936.600,22 456.769,175.718,5 004.48,767.55
2021.11.27,2,25 499.746,954.53,4 670.702,20 307.106,506.162,5 004.48,767.15
2021.11.27,3,26 070.396,946.39,4 727.264,20 824.600,509.568,5 004.48,767.30
2021.11.27,4,26 716.655,1 031.04,3 942.906,22 119.129,373.480,5 004.48,770.21
2021.11.27,5,27 340.493,1 050.60,3 942.906,22 741.039,371.552,5 004.48,770.22
2021.11.27,6,27 677.840,1 085.63,3 942.906,23 082.382,375.548,5 004.48,770.20
2021.11.27,7,27 830.324,1 166.28,3 942.906,23 234.002,374.684,5 004.48,770.19
2021.11.27,8,27 747.919,1 170.27,3 942.906,23 151.385,374.472,5 004.48,770.22
2021.11.27,9,27 716.468,1 168.44,3 942.906,23 119.849,374.387,5 004.48,770.22
2021.11.27,10,27 738.314,1 127.81,3 942.906,23 142.451,375.143,5 004.48,770.22
2021.11.27,11,27 829.794,1 128.49,3 942.906,23 230.257,371.469,5 004.48,770.26
2021.11.27,12,28 213.553,1 102.02,3 942.906,23 616.375,373.828,5 004.48,770.21
2021.11.27,13,28 545.844,1 131.13,3 928.789,23 971.417,382.462,5 004.48,770.24
2021.11.27,14,28 501.569,1 126.96,7 200.318,21 369.872,1 096.721,5 004.48,767.01
2021.11.27,15,28 258.433,1 111.37,7 200.318,21 123.934,1 093.919,5 004.48,770.20
2021.11.27,16,27 780.257,1 055.71,7 200.318,20 648.560,1 096.721,5 004.48,767.08
2021.11.27,17,27 419.447,1 012.87,7 095.889,20 402.640,1 107.182,5 004.48,767.25
2021.11.27,18,26 934.684,1 041.32,1 874.616,24 190.778,158.810,5 004.48,767.13
2021.11.27,19,26 292.490,1 024.82,1 874.616,23 548.584,158.810,5 004.48,767.18
2021.11.27,20,25 797.139,983.90,1 874.616,23 053.233,158.810,5 004.48,767.33
2021.11.27,21,25 479.246,933.53,1 874.616,22 735.340,158.810,5 004.48,767.48
2021.11.27,22,25 223.278,907.65,1 874.616,22 479.372,158.810,5 004.48,767.50
2021.11.27,23,25 061.761,885.74,1 874.616,22 317.855,158.810,5 004.48,767.64
2021.11.28,0,25 156.467,821.76,1 874.616,22 362.561,158.810,5 004.48,695.87
2021.11.28,1,25 158.055,845.96,1 936.600,22 319.073,175.718,5 004.48,695.87
2021.11.28,2,25 474.754,862.39,4 670.702,20 287.576,561.624,5 004.48,697.98
2021.11.28,3,25 968.414,843.47,4 727.264,20 717.541,554.491,5 004.48,697.99
2021.11.28,4,26 406.176,907.50,3 942.906,21 793.020,407.850,5 004.48,695.48
2021.11.28,5,27 014.206,971.64,3 942.906,22 376.081,382.881,5 004.48,697.99
2021.11.28,6,27 378.819,1 024.44,3 942.906,22 742.293,384.480,5 004.48,697.99
2021.11.28,7,27 472.994,1 029.05,3 942.906,22 836.340,384.352,5 004.48,697.99
2021.11.28,8,27 519.251,1 046.46,3 942.906,22 853.516,355.271,5 004.48,697.99
2021.11.28,9,27 697.870,1 063.82,3 942.906,23 030.958,354.094,5 004.48,697.99
2021.11.28,10,27 657.461,1 060.64,3 942.906,22 991.886,355.431,5 004.48,697.99
2021.11.28,11,27 769.577,1 067.28,3 942.906,23 100.199,351.628,5 004.48,697.99
2021.11.28,12,28 148.906,1 050.40,3 942.906,23 469.784,341.884,5 004.48,697.99
2021.11.28,13,28 568.664,1 087.74,3 928.789,23 910.847,349.072,5 004.48,697.99
2021.11.28,14,28 630.291,1 103.44,7 200.318,21 432.856,1 080.983,5 004.48,697.99
2021.11.28,15,28 332.767,1 061.32,7 200.318,21 128.283,1 073.934,5 004.48,697.99
2021.11.28,16,28 057.830,1 065.06,7 200.318,20 858.536,1 079.124,5 004.48,697.99
2021.11.28,17,27 717.838,1 030.15,7 095.889,20 608.352,1 064.503,5 004.48,697.99
2021.11.28,18,27 045.675,1 023.64,1 874.616,24 251.769,158.810,5 004.48,697.99
2021.11.28,19,26 179.820,973.49,1 874.616,23 385.914,158.810,5 004.48,697.99
2021.11.28,20,25 823.842,939.94,1 874.616,23 029.936,158.810,5 004.48,697.99
2021.11.28,21,25 555.436,894.10,1 874.616,22 761.530,158.810,5 004.48,695.81
2021.11.28,22,25 261.099,831.68,1 874.616,22 467.193,158.810,5 004.48,695.82
2021.11.28,23,25 080.644,815.78,1 874.616,22 286.738,158.810,5 004.48,695.92
2021.11.29,0,25 145.514,841.94,1 874.616,22 332.578,148.980,5 004.48,728.36
2021.11.29,1,25 506.734,853.95,1 936.600,22 627.097,144.263,5 004.48,728.35
2021.11.29,2,26 292.139,876.60,4 670.702,20 994.734,460.597,5 004.48,728.33
2021.11.29,3,27 145.302,880.80,4 727.264,21 799.032,468.294,5 004.48,728.80
2021.11.29,4,27 670.571,948.93,3 942.906,22 989.457,350.092,5 004.48,729.06
2021.11.29,5,28 147.062,998.28,3 942.906,23 459.643,348.787,5 004.48,729.26
2021.11.29,6,28 350.052,1 130.15,3 942.906,23 662.633,348.787,5 004.48,729.68
2021.11.29,7,28 263.182,1 183.15,3 942.906,23 575.763,348.787,5 004.48,729.43
2021.11.29,8,28 178.373,1 187.44,3 942.906,23 496.954,348.787,5 004.48,729.74
2021.11.29,9,28 109.788,987.96,3 942.906,23 428.369,348.787,5 004.48,500.00
2021.11.29,10,28 032.132,987.35,3 942.906,23 350.713,348.787,5 004.48,729.00
2021.11.29,11,28 091.442,997.93,3 942.906,23 410.023,348.787,5 004.48,728.99
2021.11.29,12,28 446.006,1 019.03,3 942.906,23 764.587,348.787,5 004.48,728.80
2021.11.29,13,28 776.762,1 085.09,3 928.789,24 086.745,332.072,5 004.48,728.99
2021.11.29,14,28 773.894,1 082.49,7 200.318,21 433.395,953.119,5 004.48,728.96
2021.11.29,15,28 457.252,1 056.94,7 200.318,21 165.753,1 002.119,5 004.48,728.75
2021.11.29,16,28 014.922,1 002.06,7 200.318,20 730.846,1 009.542,5 004.48,728.69
2021.11.29,17,27 562.282,932.46,7 095.889,20 393.957,1 014.864,5 004.48,40.45
2021.11.29,18,27 081.493,1 011.66,1 874.616,24 264.710,145.133,5 004.48,729.01
2021.11.29,19,26 516.931,1 045.14,1 874.616,23 700.148,145.133,5 004.48,729.03
2021.11.29,20,26 178.006,964.96,1 874.616,23 361.223,145.133,5 004.48,728.80
2021.11.29,21,25 945.403,939.58,1 874.616,23 128.620,145.133,5 004.48,728.70
2021.11.29,22,25 408.229,859.77,1 874.616,22 591.446,145.133,5 004.48,728.39
2021.11.29,23,25 211.117,844.42,1 874.616,22 394.334,145.133,5 004.48,728.37
2021.11.30,0,25 168.060,840.67,1 874.616,22 357.127,146.983,5 004.48,729.25
2021.11.30,1,25 526.501,841.18,1 936.600,22 648.867,142.266,5 004.48,729.27
2021.11.30,2,26 247.804,852.00,4 670.702,20 956.648,462.846,5 004.48,729.29
2021.11.30,3,27 032.209,868.62,4 727.264,21 694.188,472.543,5 004.48,729.29
2021.11.30,4,27 576.007,943.00,3 942.906,22 902.324,353.523,5 004.48,729.53
2021.11.30,5,27 978.948,988.09,3 942.906,23 300.265,353.523,5 004.48,729.82
2021.11.30,6,28 253.742,1 129.07,3 942.906,23 575.059,353.523,5 004.48,730.09
2021.11.30,7,28 112.231,1 191.11,3 942.906,23 433.548,353.523,5 004.48,730.27
2021.11.30,8,28 013.253,1 188.60,3 942.906,23 340.570,353.523,5 004.48,730.25
2021.11.30,9,27 909.095,982.27,3 942.906,23 236.412,353.523,5 004.48,729.49
2021.11.30,10,27 910.138,979.20,3 942.906,23 237.455,353.523,5 004.48,729.55
2021.11.30,11,28 022.398,992.00,3 942.906,23 349.715,353.523,5 004.48,729.65
2021.11.30,12,28 246.539,1 015.45,3 942.906,23 573.856,353.523,5 004.48,729.56
2021.11.30,13,28 592.342,1 052.93,3 928.789,23 911.061,336.808,5 004.48,729.79
2021.11.30,14,28 643.560,1 059.09,7 200.318,21 419.501,1 065.559,5 004.48,729.78
2021.11.30,15,28 320.693,1 024.06,7 200.318,21 111.238,1 080.163,5 004.48,729.65
2021.11.30,16,27 972.704,991.52,7 200.318,20 770.082,1 086.996,5 004.48,729.62
2021.11.30,17,27 564.843,964.12,7 095.889,20 477.972,1 092.318,5 004.48,729.45
2021.11.30,18,27 071.544,990.80,1 874.616,24 260.611,146.983,5 004.48,729.61
2021.11.30,19,26 370.742,1 013.32,1 874.616,23 559.809,146.983,5 004.48,729.54
2021.11.30,20,25 988.173,954.57,1 874.616,23 177.240,146.983,5 004.48,729.51
2021.11.30,21,25 755.452,930.96,1 874.616,22 944.519,146.983,5 004.48,729.33
2021.11.30,22,25 254.226,858.63,1 874.616,22 443.293,146.983,5 004.48,729.29
2021.11.30,23,25 140.407,847.11,1 874.616,22 329.474,146.983,5 004.48,729.28
2021.12.01,0,25 420.463,817.63,2 004.938,22 475.309,133.034,5 003.92,691.97
2021.12.01,1,25 814.462,815.76,2 074.239,22 799.214,132.241,5 003.92,691.97
2021.12.01,2,26 485.567,845.56,4 976.955,20 931.989,496.627,5 003.92,692.06
2021.12.01,3,27 245.139,852.52,5 038.655,21 633.339,500.105,5 003.92,692.05
2021.12.01,4,27 712.881,923.59,4 206.992,22 765.384,333.745,5 003.92,692.25
2021.12.01,5,28 177.206,980.64,4 206.992,23 213.709,322.745,5 003.92,692.48
2021.12.01,6,28 357.340,1 050.89,4 206.992,23 383.450,312.352,5 003.92,692.57
2021.12.01,7,28 219.858,995.13,4 206.992,23 245.968,312.352,5 003.92,692.40
2021.12.01,8,28 121.284,980.26,4 206.992,23 153.394,312.352,5 003.92,692.26
2021.12.01,9,28 027.099,892.30,4 206.992,23 085.208,338.351,5 003.92,691.92
2021.12.01,10,27 995.585,880.22,4 206.992,23 053.694,338.351,5 003.92,691.91
2021.12.01,11,28 101.243,882.81,4 206.992,23 159.352,338.351,5 003.92,691.91
2021.12.01,12,28 368.055,901.45,4 206.992,23 426.164,338.351,5 003.92,691.73
2021.12.01,13,28 698.291,913.42,4 191.527,23 760.251,332.737,5 003.92,691.70
2021.12.01,14,28 754.905,920.07,7 663.844,21 203.964,1 192.153,5 003.92,691.64
2021.12.01,15,28 451.227,903.88,7 663.844,20 900.286,1 192.153,5 003.92,691.68
2021.12.01,16,28 063.787,881.08,7 663.844,20 513.846,1 193.153,5 003.92,691.72
2021.12.01,17,27 726.403,866.80,7 548.308,20 291.579,1 186.734,5 003.92,691.74
2021.12.01,18,27 333.970,899.17,2 004.938,24 372.417,116.635,5 003.92,691.76
2021.12.01,19,26 787.875,952.88,2 004.938,23 826.322,116.635,5 003.92,691.99
2021.12.01,20,26 176.861,968.07,2 004.938,23 226.698,131.025,5 003.92,692.21
2021.12.01,21,25 898.595,928.78,2 004.938,22 948.432,131.025,5 003.92,692.07
2021.12.01,22,25 607.108,863.52,2 004.938,22 656.945,131.025,5 003.92,691.79
2021.12.01,23,25 348.421,820.64,2 004.938,22 398.258,131.025,5 003.92,691.72
2021.12.02,0,25 181.064,821.67,2 004.938,22 213.501,131.025,5 003.92,710.79
2021.12.02,1,25 556.102,824.04,2 074.239,22 518.606,130.393,5 003.92,710.81
2021.12.02,2,26 256.300,835.08,4 976.955,20 718.709,533.014,5 003.92,710.83
2021.12.02,3,27 034.606,836.70,5 038.655,21 439.028,536.727,5 003.92,710.85
2021.12.02,4,27 580.369,892.47,4 206.992,22 627.923,349.196,5 003.92,711.05
2021.12.02,5,27 988.526,969.57,4 206.992,23 031.080,349.196,5 003.92,711.34
2021.12.02,6,28 174.254,1 063.62,4 206.992,23 216.808,349.196,5 003.92,711.52
2021.12.02,7,28 092.262,1 158.86,4 206.992,23 134.816,349.196,5 003.92,711.75
2021.12.02,8,27 966.434,1 113.68,4 206.992,23 014.988,349.196,5 003.92,711.62
2021.12.02,9,27 957.557,932.72,4 206.992,23 006.111,349.196,5 003.92,710.91
2021.12.02,10,27 872.622,930.80,4 206.992,22 921.176,349.196,5 003.92,710.89
2021.12.02,11,27 915.166,932.44,4 206.992,22 963.720,349.196,5 003.92,710.91
2021.12.02,12,28 173.407,949.40,4 206.992,23 221.961,349.196,5 003.92,710.93
2021.12.02,13,28 484.950,1 013.84,4 191.527,23 537.355,343.582,5 003.92,711.23
2021.12.02,14,28 472.120,1 022.12,7 663.844,20 949.614,1 240.988,5 003.92,711.31
2021.12.02,15,28 184.846,974.62,7 663.844,20 662.340,1 240.988,5 003.92,711.12
2021.12.02,16,27 892.787,929.37,7 663.844,20 370.081,1 241.988,5 003.92,710.97
2021.12.02,17,27 537.479,913.72,7 548.308,20 154.041,1 259.720,5 003.92,710.91
2021.12.02,18,27 139.466,959.83,2 004.938,24 170.703,131.025,5 003.92,711.12
2021.12.02,19,26 540.176,1 000.65,2 004.938,23 571.413,131.025,5 003.92,711.08
2021.12.02,20,26 107.097,917.08,2 004.938,23 138.334,131.025,5 003.92,710.87
2021.12.02,21,25 780.579,900.42,2 004.938,22 811.816,131.025,5 003.92,710.86
2021.12.02,22,25 309.510,842.30,2 004.938,22 340.747,131.025,5 003.92,710.86
2021.12.02,23,25 060.115,828.60,2 004.938,22 091.352,131.025,5 003.92,710.83
2021.12.03,0,24 954.221,836.76,2 004.938,21 994.178,131.145,5 003.92,722.87
2021.12.03,1,25 339.214,838.97,2 074.239,22 309.238,130.513,5 003.92,722.85
2021.12.03,2,26 060.785,849.81,4 976.955,20 541.521,543.941,5 003.92,722.89
2021.12.03,3,26 836.659,861.06,5 038.655,21 274.271,562.517,5 003.92,722.95
2021.12.03,4,27 348.856,929.70,4 206.992,22 412.814,358.200,5 003.92,723.22
2021.12.03,5,27 787.357,1 025.14,4 206.992,22 827.617,339.502,5 003.92,723.42
2021.12.03,6,27 950.606,1 098.34,4 206.992,22 990.866,339.502,5 003.92,723.55
2021.12.03,7,27 859.506,1 146.81,4 206.992,22 894.766,334.502,5 003.92,723.67
2021.12.03,8,27 716.180,1 035.27,4 206.992,22 757.440,334.502,5 003.92,723.35
2021.12.03,9,27 723.403,930.13,4 206.992,22 759.663,329.502,5 003.92,722.92
2021.12.03,10,27 674.794,928.92,4 206.992,22 701.054,319.502,5 003.92,722.91
2021.12.03,11,27 740.365,933.91,4 206.992,22 760.047,312.924,5 003.92,722.93
2021.12.03,12,27 977.663,943.91,4 206.992,22 997.345,312.924,5 003.92,722.91
2021.12.03,13,28 387.576,1 008.96,4 191.527,23 411.690,307.891,5 003.92,723.17
2021.12.03,14,28 376.178,1 010.96,7 663.844,20 846.204,1 226.120,5 003.92,723.16
2021.12.03,15,28 043.844,990.61,7 663.844,20 518.913,1 231.163,5 003.92,723.14
2021.12.03,16,27 672.880,930.22,7 663.844,20 148.949,1 232.163,5 003.92,722.91
2021.12.03,17,27 314.927,915.37,7 548.308,19 797.241,1 116.872,5 003.92,722.91
2021.12.03,18,26 729.167,974.78,2 004.938,23 756.057,118.078,5 003.92,723.18
2021.12.03,19,26 062.055,1 009.13,2 004.938,23 088.945,118.078,5 003.92,723.05
2021.12.03,20,25 719.495,953.05,2 004.938,22 746.385,118.078,5 003.92,722.90
2021.12.03,21,25 481.860,918.93,2 004.938,22 508.750,118.078,5 003.92,722.88
2021.12.03,22,25 080.179,872.02,2 004.938,22 107.069,118.078,5 003.92,722.89
2021.12.03,23,24 780.684,845.99,2 004.938,21 807.574,118.078,5 003.92,722.87
2021.12.04,0,24 975.869,852.94,2 004.938,21 995.317,117.236,5 003.92,722.16
2021.12.04,1,25 089.456,845.96,2 074.239,22 038.350,115.983,5 003.92,722.16
2021.12.04,2,25 516.550,851.04,4 976.955,19 839.655,392.910,5 003.92,722.16
2021.12.04,3,26 030.794,847.49,5 038.655,20 339.198,439.909,5 003.92,722.16
2021.12.04,4,26 644.634,884.22,4 206.992,21 633.805,289.013,5 003.92,722.16
2021.12.04,5,27 195.785,963.27,4 206.992,22 184.956,289.013,5 003.92,722.16
2021.12.04,6,27 605.140,1 042.92,4 206.992,22 594.311,289.013,5 003.92,722.16
2021.12.04,7,27 639.714,1 065.57,4 206.992,22 628.885,289.013,5 003.92,722.16
2021.12.04,8,27 631.592,1 162.38,4 206.992,22 620.763,289.013,5 003.92,746.29
2021.12.04,9,27 600.775,1 006.06,4 206.992,22 595.796,289.013,5 003.92,722.16
2021.12.04,10,27 551.921,995.02,4 206.992,22 546.942,289.013,5 003.92,722.16
2021.12.04,11,27 621.409,1 006.56,4 206.992,22 616.430,289.013,5 003.92,722.16
2021.12.04,12,27 917.312,1 093.85,4 206.992,22 912.333,289.013,5 003.92,722.16
2021.12.04,13,28 254.655,1 191.91,4 191.527,23 260.108,283.980,5 003.92,722.16
2021.12.04,14,28 187.955,1 192.27,7 663.844,20 434.619,997.508,5 003.92,722.16
2021.12.04,15,27 970.488,1 155.63,7 663.844,20 053.132,833.488,5 003.92,763.04
2021.12.04,16,27 717.532,1 003.44,7 663.844,19 997.968,1 031.280,5 003.92,722.16
2021.12.04,17,27 396.883,1 003.55,7 548.308,19 592.028,830.453,5 003.92,731.80
2021.12.04,18,26 896.660,997.17,2 004.938,23 921.958,117.236,5 003.92,722.16
2021.12.04,19,26 351.737,1 022.79,2 004.938,23 377.035,117.236,5 003.92,720.80
2021.12.04,20,25 877.784,951.23,2 004.938,22 901.082,117.236,5 003.92,722.16
2021.12.04,21,25 585.247,921.51,2 004.938,22 608.545,117.236,5 003.92,722.16
2021.12.04,22,25 480.708,869.54,2 004.938,22 504.006,117.236,5 003.92,722.16
2021.12.04,23,25 027.417,846.01,2 004.938,22 051.557,118.078,5 003.92,722.16
2021.12.05,0,25 284.107,828.80,2 004.938,22 275.825,114.956,5 003.92,701.93
2021.12.05,1,25 231.056,821.91,2 074.239,22 152.220,113.703,5 003.92,701.93
2021.12.05,2,25 465.436,822.31,4 976.955,19 802.618,432.437,5 003.92,701.93
2021.12.05,3,25 848.236,832.58,5 038.655,20 090.526,399.245,5 003.92,701.93
2021.12.05,4,26 466.310,843.29,4 206.992,21 422.038,281.020,5 003.92,701.93
2021.12.05,5,26 987.994,882.87,4 206.992,21 943.722,281.020,5 003.92,701.93
2021.12.05,6,27 418.414,984.87,4 206.992,22 374.142,281.020,5 003.92,716.75
2021.12.05,7,27 478.138,1 020.46,4 206.992,22 433.866,281.020,5 003.92,714.20
2021.12.05,8,27 372.497,1 087.99,4 206.992,22 322.489,275.284,5 003.92,723.71
2021.12.05,9,27 865.250,1 021.59,4 206.992,22 820.978,281.020,5 003.92,720.76
2021.12.05,10,27 934.788,1 024.00,4 206.992,22 890.516,281.020,5 003.92,720.51
2021.12.05,11,27 974.081,1 020.72,4 206.992,22 929.809,281.020,5 003.92,701.93
2021.12.05,12,28 155.332,1 051.74,4 206.992,23 111.060,281.020,5 003.92,701.93
2021.12.05,13,28 280.176,1 097.91,4 191.527,23 246.336,275.987,5 003.92,701.93
2021.12.05,14,28 277.010,1 096.45,7 663.844,20 488.223,993.357,5 003.92,701.93
2021.12.05,15,28 110.120,1 101.89,7 663.844,20 132.583,804.607,5 003.92,734.70
2021.12.05,16,28 012.057,1 052.21,7 663.844,20 205.233,975.320,5 003.92,701.93
2021.12.05,17,27 837.180,1 006.75,7 548.308,20 291.737,1 121.165,5 003.92,701.93
2021.12.05,18,26 961.440,1 059.45,2 004.938,23 952.316,114.114,5 003.92,720.68
2021.12.05,19,26 199.500,1 066.57,2 004.938,23 190.376,114.114,5 003.92,722.13
2021.12.05,20,26 024.005,962.05,2 004.938,23 045.723,114.956,5 003.92,700.56
2021.12.05,21,25 707.902,928.18,2 004.938,22 729.620,114.956,5 003.92,700.46
2021.12.05,22,25 455.661,899.01,2 004.938,22 477.379,114.956,5 003.92,700.91
2021.12.05,23,25 087.866,825.21,2 004.938,22 109.584,114.956,5 003.92,701.93
2021.12.06,0,25 116.230,834.39,2 004.938,22 124.248,114.956,5 003.92,733.33
2021.12.06,1,25 406.004,841.52,2 074.239,22 343.468,113.703,5 003.92,733.33
2021.12.06,2,26 104.173,850.22,4 976.955,20 406.918,381.700,5 003.92,733.33
2021.12.06,3,26 830.610,845.70,5 038.655,21 074.548,384.593,5 003.92,733.33
2021.12.06,4,27 546.028,891.51,4 206.992,22 519.212,283.176,5 003.92,733.33
2021.12.06,5,28 000.740,973.90,4 206.992,22 968.924,283.176,5 003.92,733.33
2021.12.06,6,28 124.185,1 060.11,4 206.992,23 086.633,277.440,5 003.92,733.33
2021.12.06,7,27 945.285,1 068.50,4 206.992,22 952.842,322.549,5 003.92,733.33
2021.12.06,8,27 923.021,1 053.98,4 206.992,22 928.951,314.922,5 003.92,733.33
2021.12.06,9,28 014.798,1 045.71,4 206.992,23 010.127,304.321,5 003.92,733.33
2021.12.06,10,28 029.927,1 040.60,4 206.992,22 998.375,277.440,5 003.92,733.33
2021.12.06,11,28 118.832,1 046.32,4 206.992,23 093.016,283.176,5 003.92,733.33
2021.12.06,12,28 396.328,988.13,4 206.992,23 370.512,283.176,5 003.92,733.33
2021.12.06,13,28 779.773,1 046.13,4 191.527,23 758.389,278.143,5 003.92,733.33
2021.12.06,14,28 687.868,1 051.07,7 663.844,20 882.055,966.031,5 003.92,733.33
2021.12.06,15,28 477.677,998.07,7 663.844,20 614.617,908.784,5 003.92,733.33
2021.12.06,16,28 057.239,956.38,7 663.844,20 263.823,978.428,5 003.92,733.32
2021.12.06,17,27 661.797,908.05,7 548.308,19 899.775,888.286,5 003.92,733.33
2021.12.06,18,27 101.068,909.05,2 004.938,24 112.208,118.078,5 003.92,733.33
2021.12.06,19,26 434.816,941.56,2 004.938,23 445.956,118.078,5 003.92,733.33
2021.12.06,20,25 983.243,892.86,2 004.938,22 994.383,118.078,5 003.92,733.33
2021.12.06,21,25 770.839,876.72,2 004.938,22 781.979,118.078,5 003.92,733.33
2021.12.06,22,25 355.757,851.15,2 004.938,22 366.897,118.078,5 003.92,733.33
2021.12.06,23,24 895.116,835.28,2 004.938,21 906.256,118.078,5 003.92,733.33
2021.12.07,0,25 016.918,785.84,2 004.938,22 028.058,118.078,5 003.92,677.30
2021.12.07,1,25 365.646,781.22,2 074.239,22 306.232,116.825,5 003.92,677.30
2021.12.07,2,26 080.385,794.68,4 976.955,20 458.928,457.498,5 003.92,677.30
2021.12.07,3,26 855.050,794.18,5 038.655,21 215.649,501.254,5 003.92,677.30
2021.12.07,4,27 406.184,856.95,4 206.992,22 397.672,301.480,5 003.92,677.30
2021.12.07,5,27 771.533,927.95,4 206.992,22 758.021,301.480,5 003.92,677.29
2021.12.07,6,28 036.029,1 025.56,4 206.992,23 014.253,293.216,5 003.92,677.29
2021.12.07,7,27 918.238,1 048.45,4 206.992,22 895.462,292.216,5 003.92,677.29
2021.12.07,8,27 835.517,1 051.56,4 206.992,22 818.741,292.216,5 003.92,677.29
2021.12.07,9,27 903.775,966.96,4 206.992,22 887.999,293.216,5 003.92,677.29
2021.12.07,10,27 860.410,958.06,4 206.992,22 844.634,293.216,5 003.92,677.29
2021.12.07,11,27 971.174,988.87,4 206.992,22 955.398,293.216,5 003.92,677.29
2021.12.07,12,28 164.049,1 002.26,4 206.992,23 148.273,293.216,5 003.92,677.30
2021.12.07,13,28 429.608,1 042.02,4 191.527,23 417.264,287.183,5 003.92,677.30
2021.12.07,14,28 444.252,1 055.50,7 663.844,20 727.600,1 055.192,5 003.92,677.29
2021.12.07,15,28 251.373,1 027.97,7 663.844,20 553.947,1 074.418,5 003.92,677.29
2021.12.07,16,28 073.115,1 003.31,7 663.844,20 277.350,976.079,5 003.92,677.29
2021.12.07,17,27 809.246,971.00,7 548.308,20 196.277,1 037.339,5 003.92,677.29
2021.12.07,18,27 126.731,979.85,2 004.938,24 137.871,118.078,5 003.92,677.29
2021.12.07,19,26 458.791,976.79,2 004.938,23 469.931,118.078,5 003.92,677.30
2021.12.07,20,26 046.651,924.34,2 004.938,23 057.791,118.078,5 003.92,677.29
2021.12.07,21,25 725.072,851.00,2 004.938,22 736.212,118.078,5 003.92,677.29
2021.12.07,22,25 240.802,796.93,2 004.938,22 251.942,118.078,5 003.92,677.30
2021.12.07,23,24 853.916,780.58,2 004.938,21 865.056,118.078,5 003.92,677.30
2021.12.08,0,25 211.863,616.88,2 004.938,22 219.603,118.078,5 003.92,222.56
2021.12.08,1,25 557.004,624.37,2 074.239,22 494.190,116.825,5 003.92,222.19
2021.12.08,2,26 165.364,677.31,4 976.955,20 552.996,469.987,5 003.92,219.67
2021.12.08,3,26 913.494,684.41,5 038.655,21 283.182,513.743,5 003.92,219.62
2021.12.08,4,27 540.367,743.31,4 206.992,22 498.845,271.870,5 003.92,216.89
2021.12.08,5,27 966.696,874.02,4 206.992,22 839.690,191.386,5 003.92,213.52
2021.12.08,6,27 987.928,995.07,4 206.992,22 860.922,191.386,5 003.92,213.51
2021.12.08,7,28 006.819,1 073.35,4 206.992,22 879.813,191.386,5 003.92,213.51
2021.12.08,8,27 758.417,1 071.75,4 206.992,22 637.411,191.386,5 003.92,213.51
2021.12.08,9,28 278.572,985.19,4 206.992,23 157.566,191.386,5 003.92,213.50
2021.12.08,10,28 441.783,975.01,4 206.992,23 320.777,191.386,5 003.92,213.51
2021.12.08,11,28 469.942,970.72,4 206.992,23 348.936,191.386,5 003.92,213.51
2021.12.08,12,28 721.408,987.22,4 206.992,23 600.402,191.386,5 003.92,213.51
2021.12.08,13,28 907.779,1 028.70,4 191.527,23 791.205,186.353,5 003.92,213.51
2021.12.08,14,28 964.180,1 001.35,7 663.844,21 084.294,895.358,5 003.92,213.51
2021.12.08,15,28 880.253,986.29,7 663.844,21 025.437,920.428,5 003.92,213.51
2021.12.08,16,28 645.312,949.47,7 663.844,20 738.447,868.379,5 003.92,213.50
2021.12.08,17,28 397.177,880.21,7 548.308,20 554.635,811.166,5 003.92,213.51
2021.12.08,18,27 742.080,884.30,2 004.938,24 709.499,77.757,5 003.92,213.48
2021.12.08,19,27 027.708,872.69,2 004.938,23 995.127,77.757,5 003.92,213.43
2021.12.08,20,26 663.053,723.91,2 004.938,23 617.472,77.757,5 003.92,217.13
2021.12.08,21,26 311.600,671.94,2 004.938,23 266.019,77.757,5 003.92,219.59
2021.12.08,22,26 181.627,421.52,2 004.938,23 136.046,77.757,5 003.92,232.55
2021.12.08,23,26 117.304,421.01,2 004.938,23 071.723,77.757,5 003.92,232.51
2021.12.09,0,25 862.875,464.47,2 004.938,22 806.444,77.757,5 003.92,1.75
2021.12.09,1,26 270.022,714.32,2 074.239,23 143.037,76.504,5 003.92,3.53
2021.12.09,2,26 882.049,775.08,4 976.955,21 093.318,317.474,5 003.92,3.37
2021.12.09,3,27 565.796,784.00,5 038.655,21 759.121,361.230,5 003.92,3.53
2021.12.09,4,28 208.426,836.42,4 206.992,23 087.397,196.213,5 003.92,3.53
2021.12.09,5,28 559.861,928.51,4 206.992,23 433.832,196.213,5 003.92,3.35
2021.12.09,6,28 770.446,1 022.33,4 206.992,23 636.153,187.949,5 003.92,3.39
2021.12.09,7,28 732.857,1 032.27,4 206.992,23 598.564,187.949,5 003.92,3.38
2021.12.09,8,28 506.017,1 011.16,4 206.992,23 377.724,187.949,5 003.92,3.39
2021.12.09,9,28 424.623,896.65,4 206.992,23 296.330,187.949,5 003.92,3.39
2021.12.09,10,28 349.261,867.09,4 206.992,23 220.968,187.949,5 003.92,3.39
2021.12.09,11,28 495.778,918.68,4 206.992,23 435.805,256.269,5 003.92,0.00
2021.12.09,12,28 901.827,973.43,4 206.992,23 821.854,256.269,5 003.92,0.00
2021.12.09,13,29 273.996,1 026.49,4 191.527,24 198.455,251.236,5 003.92,0.00
2021.12.09,14,29 226.271,1 071.51,7 663.844,21 449.006,1 021.829,5 003.92,3.38
2021.12.09,15,28 927.010,1 061.94,7 663.844,21 192.538,1 064.622,5 003.92,0.00
2021.12.09,16,28 448.850,1 026.43,7 663.844,20 802.056,1 152.300,5 003.92,3.40
2021.12.09,17,27 991.451,998.72,7 548.308,20 154.175,840.282,5 003.92,3.37
2021.12.09,18,27 268.344,730.89,2 004.938,24 252.234,118.078,5 003.92,0.00
2021.12.09,19,26 529.713,721.57,2 004.938,23 513.603,118.078,5 003.92,0.00
2021.12.09,20,26 032.894,672.33,2 004.938,23 001.784,118.078,5 003.92,0.00
2021.12.09,21,25 759.733,617.87,2 004.938,22 728.623,118.078,5 003.92,0.00
2021.12.09,22,25 446.858,551.75,2 004.938,22 415.748,118.078,5 003.92,0.00
2021.12.09,23,25 427.708,515.55,2 004.938,22 396.598,118.078,5 003.92,0.00
2021.12.10,0,25 349.339,878.79,2 004.938,22 295.847,97.096,5 003.92,782.85
2021.12.10,1,25 753.120,879.56,2 074.239,22 629.074,95.843,5 003.92,782.92
2021.12.10,2,26 480.644,897.79,4 976.955,20 887.660,529.621,5 003.92,782.63
2021.12.10,3,27 317.029,904.57,5 038.655,21 665.238,532.514,5 003.92,782.65
2021.12.10,4,27 935.413,978.81,4 206.992,22 895.810,314.039,5 003.92,782.45
2021.12.10,5,28 359.154,1 027.48,4 206.992,23 306.287,305.775,5 003.92,782.70
2021.12.10,6,28 540.509,1 118.31,4 206.992,23 487.906,300.039,5 003.92,782.43
2021.12.10,7,28 408.361,1 182.86,4 206.992,23 349.758,300.039,5 003.92,782.46
2021.12.10,8,28 299.477,1 180.22,4 206.992,23 246.874,300.039,5 003.92,782.49
2021.12.10,9,28 441.237,1 107.17,4 206.992,23 388.634,300.039,5 003.92,782.59
2021.12.10,10,28 330.871,1 094.98,4 206.992,23 278.268,300.039,5 003.92,782.59
2021.12.10,11,28 442.555,1 094.29,4 206.992,23 389.952,300.039,5 003.92,782.57
2021.12.10,12,28 697.160,1 108.56,4 206.992,23 644.557,300.039,5 003.92,782.26
2021.12.10,13,29 058.305,1 142.97,4 191.527,24 010.134,295.006,5 003.92,782.06
2021.12.10,14,29 067.829,1 114.08,7 663.844,21 389.515,1 137.180,5 003.92,782.91
2021.12.10,15,28 779.261,1 098.29,7 663.844,21 100.947,1 137.180,5 003.92,783.12
2021.12.10,16,28 406.041,1 068.57,7 663.844,20 618.005,1 027.458,5 003.92,782.94
2021.12.10,17,28 036.617,1 045.78,7 548.308,20 373.510,1 030.851,5 003.92,782.92
2021.12.10,18,27 394.207,1 052.49,2 004.938,24 340.715,97.096,5 003.92,782.91
2021.12.10,19,26 682.032,1 060.72,2 004.938,23 628.540,97.096,5 003.92,782.82
2021.12.10,20,26 295.098,1 004.88,2 004.938,23 241.606,97.096,5 003.92,782.83
2021.12.10,21,25 940.532,986.48,2 004.938,22 887.040,97.096,5 003.92,782.82
2021.12.10,22,25 603.604,921.16,2 004.938,22 550.112,97.096,5 003.92,782.81
2021.12.10,23,25 480.203,880.27,2 004.938,22 426.711,97.096,5 003.92,782.78
2021.12.11,0,25 616.343,830.79,2 004.938,22 531.235,64.680,5 003.92,730.88
2021.12.11,1,25 784.778,832.63,2 074.239,22 629.116,63.427,5 003.92,730.89
2021.12.11,2,26 141.963,830.71,4 976.955,20 429.735,409.577,5 003.92,730.88
2021.12.11,3,26 671.261,825.34,5 038.655,20 895.751,407.995,5 003.92,730.86
2021.12.11,4,27 362.092,841.64,4 206.992,22 229.307,218.957,5 003.92,730.92
2021.12.11,5,27 833.078,904.03,4 206.992,22 691.783,210.447,5 003.92,730.92
2021.12.11,6,28 186.499,965.17,4 206.992,23 045.442,210.685,5 003.92,730.94
2021.12.11,7,28 319.331,988.26,4 206.992,23 182.162,214.573,5 003.92,730.93
2021.12.11,8,28 344.046,1 035.97,4 206.992,23 204.585,212.281,5 003.92,730.97
2021.12.11,9,28 342.766,1 007.08,4 206.992,23 199.129,208.105,5 003.92,730.92
2021.12.11,10,28 406.888,988.61,4 206.992,23 261.946,206.800,5 003.92,730.99
2021.12.11,11,28 289.931,1 038.64,4 206.992,23 252.643,314.454,5 003.92,730.98
2021.12.11,12,28 573.436,1 058.67,4 206.992,23 527.470,305.776,5 003.92,731.03
2021.12.11,13,28 927.703,1 068.92,4 191.527,23 874.382,282.856,5 003.92,731.02
2021.12.11,14,28 932.563,1 084.78,7 663.844,21 226.616,1 102.547,5 003.92,730.99
2021.12.11,15,28 616.992,1 056.65,7 663.844,20 915.741,1 107.243,5 003.92,730.95
2021.12.11,16,28 263.220,1 038.53,7 663.844,20 567.439,1 112.713,5 003.92,731.00
2021.12.11,17,27 991.865,1 011.14,7 548.308,20 416.880,1 117.873,5 003.92,730.97
2021.12.11,18,27 303.966,1 012.23,2 004.938,24 259.479,105.001,5 003.92,731.04
2021.12.11,19,26 665.194,1 011.58,2 004.938,23 620.707,105.001,5 003.92,730.96
2021.12.11,20,26 309.823,975.58,2 004.938,23 265.336,105.001,5 003.92,730.96
2021.12.11,21,25 929.818,941.83,2 004.938,22 885.331,105.001,5 003.92,730.94
2021.12.11,22,25 618.511,850.88,2 004.938,22 574.024,105.001,5 003.92,730.95
2021.12.11,23,25 509.086,830.84,2 004.938,22 464.599,105.001,5 003.92,731.01
2021.12.12,0,25 472.418,825.79,2 004.938,22 456.281,136.351,5 003.92,729.64
2021.12.12,1,25 588.137,824.17,2 074.239,22 501.446,135.098,5 003.92,729.68
2021.12.12,2,25 944.516,827.64,4 976.955,20 411.937,591.926,5 003.92,729.62
2021.12.12,3,26 427.244,823.53,5 038.655,20 846.993,605.954,5 003.92,729.73
2021.12.12,4,27 022.508,833.45,4 206.992,22 087.200,419.334,5 003.92,729.80
2021.12.12,5,27 605.651,883.39,4 206.992,22 674.543,423.534,5 003.92,729.86
2021.12.12,6,27 859.956,939.02,4 206.992,22 928.848,423.534,5 003.92,729.79
2021.12.12,7,27 865.392,940.31,4 206.992,22 934.284,423.534,5 003.92,729.85
2021.12.12,8,27 899.016,983.22,4 206.992,22 967.808,423.534,5 003.92,729.84
2021.12.12,9,28 073.344,988.23,4 206.992,23 142.136,423.534,5 003.92,729.85
2021.12.12,10,28 087.850,990.48,4 206.992,23 156.642,423.534,5 003.92,729.85
2021.12.12,11,28 220.234,1 003.85,4 206.992,23 288.926,423.534,5 003.92,729.93
2021.12.12,12,28 594.044,1 034.11,4 206.992,23 662.736,423.534,5 003.92,729.72
2021.12.12,13,28 990.966,1 062.59,4 191.527,24 069.990,418.501,5 003.92,729.76
2021.12.12,14,29 028.470,1 067.79,7 663.844,21 519.767,1 303.091,5 003.92,729.60
2021.12.12,15,28 677.788,1 057.35,7 663.844,21 169.085,1 303.091,5 003.92,729.70
2021.12.12,16,28 373.729,1 026.85,7 663.844,20 865.026,1 303.091,5 003.92,729.56
2021.12.12,17,28 102.537,991.03,7 548.308,20 712.597,1 306.318,5 003.92,729.58
2021.12.12,18,27 402.745,988.30,2 004.938,24 386.108,136.351,5 003.92,729.49
2021.12.12,19,26 732.257,994.88,2 004.938,23 715.620,136.351,5 003.92,729.30
2021.12.12,20,26 356.532,968.80,2 004.938,23 339.795,136.351,5 003.92,729.36
2021.12.12,21,26 110.493,933.95,2 004.938,23 093.756,136.351,5 003.92,729.39
2021.12.12,22,25 829.000,847.91,2 004.938,22 801.989,126.077,5 003.92,729.32
2021.12.12,23,25 680.466,827.88,2 004.938,22 653.455,126.077,5 003.92,729.30
2021.12.13,0,25 933.538,804.46,2 004.938,22 908.227,126.077,5 003.92,695.96
2021.12.13,1,26 319.291,805.09,2 074.239,23 223.426,124.824,5 003.92,696.06
2021.12.13,2,27 070.186,816.05,4 976.955,21 514.077,567.296,5 003.92,697.42
2021.12.13,3,27 893.273,821.93,5 038.655,22 244.313,524.145,5 003.92,698.45
2021.12.13,4,28 430.216,880.33,4 206.992,23 449.266,361.492,5 003.92,698.51
2021.12.13,5,28 938.873,957.08,4 206.992,23 948.723,357.292,5 003.92,698.60
2021.12.13,6,29 219.115,1 039.70,4 206.992,24 220.331,348.658,5 003.92,698.51
2021.12.13,7,29 132.534,1 058.93,4 206.992,24 116.385,331.293,5 003.92,697.58
2021.12.13,8,28 996.015,1 053.11,4 206.992,23 985.866,331.293,5 003.92,698.15
2021.12.13,9,29 045.031,1 008.15,4 206.992,24 060.881,357.292,5 003.92,698.23
2021.12.13,10,28 949.873,1 004.30,4 206.992,23 965.723,357.292,5 003.92,697.80
2021.12.13,11,29 044.564,1 002.22,4 206.992,24 060.414,357.292,5 003.92,698.15
2021.12.13,12,29 431.239,1 006.37,4 206.992,24 447.089,357.292,5 003.92,698.44
2021.12.13,13,29 721.840,1 014.27,4 191.527,24 742.117,352.254,5 003.92,698.28
2021.12.13,14,29 662.755,1 016.55,7 663.844,22 038.992,1 180.531,5 003.92,697.25
2021.12.13,15,29 391.484,1 005.98,7 663.844,21 767.721,1 180.531,5 003.92,697.96
2021.12.13,16,29 183.020,969.70,7 663.844,21 574.611,1 195.885,5 003.92,697.49
2021.12.13,17,28 893.709,953.58,7 548.308,21 411.063,1 200.112,5 003.92,697.57
2021.12.13,18,28 071.810,958.22,2 004.938,25 044.109,111.687,5 003.92,697.10
2021.12.13,19,27 382.449,960.27,2 004.938,24 354.748,111.687,5 003.92,696.96
2021.12.13,20,26 868.021,929.15,2 004.938,23 840.320,111.687,5 003.92,696.98
2021.12.13,21,26 641.296,844.60,2 004.938,23 613.595,111.687,5 003.92,697.01
2021.12.13,22,26 458.756,805.11,2 004.938,23 431.055,111.687,5 003.92,697.01
2021.12.13,23,26 015.976,797.00,2 004.938,22 988.275,111.687,5 003.92,696.97
2021.12.14,0,26 243.147,648.85,2 004.938,23 168.096,80.337,5 003.92,422.60
2021.12.14,1,26 678.458,660.93,2 074.239,23 532.853,79.084,5 003.92,422.63
2021.12.14,2,27 352.579,694.16,4 976.955,21 663.953,438.779,5 003.92,422.64
2021.12.14,3,28 188.007,724.20,5 038.655,22 449.561,450.659,5 003.92,422.65
2021.12.14,4,28 885.296,815.79,4 206.992,23 825.922,299.068,5 003.92,422.73
2021.12.14,5,29 350.874,880.09,4 206.992,24 286.500,299.068,5 003.92,422.68
2021.12.14,6,29 522.454,916.61,4 206.992,24 458.080,299.068,5 003.92,422.67
2021.12.14,7,29 335.934,906.09,4 206.992,24 271.560,299.068,5 003.92,422.64
2021.12.14,8,29 177.045,900.83,4 206.992,24 118.671,299.068,5 003.92,422.68
2021.12.14,9,29 109.304,702.85,4 206.992,24 050.930,299.068,5 003.92,422.67
2021.12.14,10,29 368.187,864.53,4 206.992,24 310.937,300.192,5 003.92,422.67
2021.12.14,11,29 556.156,880.09,4 206.992,24 498.906,300.192,5 003.92,422.68
2021.12.14,12,29 854.751,892.80,4 206.992,24 797.501,300.192,5 003.92,422.67
2021.12.14,13,29 964.236,907.22,4 191.527,24 911.413,295.154,5 003.92,422.66
2021.12.14,14,29 713.753,919.53,7 663.844,21 970.637,1 077.178,5 003.92,421.92
2021.12.14,15,29 395.232,906.09,7 663.844,21 650.620,1 075.682,5 003.92,421.91
2021.12.14,16,29 123.785,893.08,7 663.844,21 379.173,1 075.682,5 003.92,421.92
2021.12.14,17,28 963.451,859.49,7 548.308,21 358.631,1 093.938,5 003.92,421.87
2021.12.14,18,27 887.956,894.05,2 004.938,24 827.295,94.727,5 003.92,421.83
2021.12.14,19,27 135.407,895.81,2 004.938,24 074.746,94.727,5 003.92,421.81
2021.12.14,20,26 869.482,843.12,2 004.938,23 808.821,94.727,5 003.92,421.79
2021.12.14,21,26 489.639,822.37,2 004.938,23 428.978,94.727,5 003.92,421.79
2021.12.14,22,25 947.042,746.89,2 004.938,22 886.381,94.727,5 003.92,421.82
2021.12.14,23,25 891.430,711.43,2 004.938,22 830.769,94.727,5 003.92,421.82
2021.12.15,0,26 245.000,710.76,2 004.938,23 215.439,94.727,5 003.92,470.48
2021.12.15,1,26 570.975,720.76,2 074.239,23 470.860,93.474,5 003.92,470.49
2021.12.15,2,27 313.162,746.82,4 976.955,21 698.987,482.130,5 003.92,470.56
2021.12.15,3,28 108.722,743.21,5 038.655,22 430.750,480.033,5 003.92,470.63
2021.12.15,4,28 628.904,816.13,4 206.992,23 656.168,314.606,5 003.92,470.64
2021.12.15,5,28 968.466,862.18,4 206.992,23 982.730,306.606,5 003.92,470.63
2021.12.15,6,29 327.729,1 014.80,4 206.992,24 290.157,254.770,5 003.92,470.32
2021.12.15,7,29 240.583,1 010.55,4 206.992,24 189.850,241.609,5 003.92,470.31
2021.12.15,8,28 880.851,939.31,4 206.992,23 877.954,283.445,5 003.92,470.60
2021.12.15,9,29 138.209,879.03,4 206.992,24 135.312,283.445,5 003.92,470.62
2021.12.15,10,29 084.168,875.20,4 206.992,24 081.271,283.445,5 003.92,470.63
2021.12.15,11,29 059.528,882.29,4 206.992,24 056.631,283.445,5 003.92,470.62
2021.12.15,12,29 399.856,882.36,4 206.992,24 356.959,283.445,5 003.92,470.61
2021.12.15,13,29 679.756,907.91,4 191.527,24 646.319,283.440,5 003.92,470.63
2021.12.15,14,29 629.865,911.27,7 663.844,21 886.154,1 045.383,5 003.92,470.59
2021.12.15,15,29 376.775,955.34,7 663.844,21 633.064,1 045.383,5 003.92,470.61
2021.12.15,16,29 116.064,908.15,7 663.844,21 372.353,1 045.383,5 003.92,470.57
2021.12.15,17,28 783.937,861.45,7 548.308,21 221.596,1 105.217,5 003.92,470.53
2021.12.15,18,28 082.943,866.43,2 004.938,25 026.132,67.377,5 003.92,470.48
2021.12.15,19,27 362.384,863.46,2 004.938,24 305.573,67.377,5 003.92,470.44
2021.12.15,20,26 847.318,832.68,2 004.938,23 790.507,67.377,5 003.92,470.45
2021.12.15,21,26 522.010,801.15,2 004.938,23 465.199,67.377,5 003.92,470.48
2021.12.15,22,26 346.470,748.49,2 004.938,23 289.659,67.377,5 003.92,470.43
2021.12.15,23,26 079.503,715.30,2 004.938,23 022.692,67.377,5 003.92,470.43
2021.12.16,0,26 198.336,833.73,2 004.938,23 119.325,67.377,5 003.92,718.38
2021.12.16,1,26 561.374,836.54,2 074.239,23 413.062,67.377,5 003.92,718.43
2021.12.16,2,27 217.424,865.68,4 976.955,21 442.373,343.354,5 003.92,718.44
2021.12.16,3,28 034.176,887.36,5 038.655,22 194.933,340.862,5 003.92,718.60
2021.12.16,4,28 685.810,968.22,4 206.992,23 550.798,214.430,5 003.92,718.59
2021.12.16,5,29 214.699,1 008.05,4 206.992,24 074.787,214.430,5 003.92,718.61
2021.12.16,6,29 347.912,1 101.11,4 206.992,24 208.000,214.430,5 003.92,718.56
2021.12.16,7,29 219.027,1 166.99,4 206.992,24 079.115,214.430,5 003.92,718.65
2021.12.16,8,29 046.302,1 155.33,4 206.992,23 913.490,215.430,5 003.92,718.65
2021.12.16,9,29 069.538,1 083.01,4 206.992,23 936.726,215.430,5 003.92,718.65
2021.12.16,10,29 018.762,1 080.96,4 206.992,23 885.950,215.430,5 003.92,718.65
2021.12.16,11,29 137.122,1 078.80,4 206.992,24 004.310,215.430,5 003.92,718.65
2021.12.16,12,29 350.813,1 094.24,4 206.992,24 217.001,214.430,5 003.92,718.65
2021.12.16,13,29 514.123,1 128.90,4 191.527,24 389.771,214.425,5 003.92,718.65
2021.12.16,14,29 525.919,1 120.52,7 663.844,21 653.875,939.050,5 003.92,718.65
2021.12.16,15,29 284.474,1 080.05,7 663.844,21 410.288,936.908,5 003.92,718.65
2021.12.16,16,29 190.040,1 057.15,7 663.844,21 319.497,940.551,5 003.92,718.65
2021.12.16,17,28 944.520,1 031.02,7 548.308,21 206.807,951.845,5 003.92,718.65
2021.12.16,18,28 264.220,1 036.70,2 004.938,25 190.495,72.463,5 003.92,718.65
2021.12.16,19,27 506.723,1 013.18,2 004.938,24 432.998,72.463,5 003.92,718.61
2021.12.16,20,27 003.039,970.32,2 004.938,23 939.314,72.463,5 003.92,718.61
2021.12.16,21,26 568.330,952.85,2 004.938,23 504.605,72.463,5 003.92,718.63
2021.12.16,22,26 089.038,869.69,2 004.938,23 025.313,72.463,5 003.92,718.61
2021.12.16,23,25 943.401,834.63,2 004.938,22 879.676,72.463,5 003.92,718.60
2021.12.17,0,25 997.304,861.10,2 004.938,22 965.843,98.727,5 003.92,758.72
2021.12.17,1,26 384.788,863.40,2 074.239,23 284.026,98.727,5 003.92,758.78
2021.12.17,2,27 104.513,891.85,4 976.955,21 514.320,512.012,5 003.92,758.79
2021.12.17,3,27 914.307,901.54,5 038.655,22 262.424,512.022,5 003.92,758.95
2021.12.17,4,28 504.541,964.79,4 206.992,23 521.374,350.075,5 003.92,758.94
2021.12.17,5,29 057.287,1 019.12,4 206.992,24 069.120,350.075,5 003.92,758.95
2021.12.17,6,29 211.201,1 120.36,4 206.992,24 223.134,350.075,5 003.92,758.92
2021.12.17,7,29 023.822,1 173.14,4 206.992,24 035.755,350.075,5 003.92,758.89
2021.12.17,8,28 890.985,1 167.60,4 206.992,23 908.918,350.075,5 003.92,758.92
2021.12.17,9,29 012.460,1 118.12,4 206.992,23 977.807,297.489,5 003.92,761.67
2021.12.17,10,28 978.067,1 082.27,4 206.992,23 996.000,350.075,5 003.92,758.97
2021.12.17,11,29 089.147,1 089.39,4 206.992,24 107.180,350.075,5 003.92,758.98
2021.12.17,12,29 357.913,1 096.80,4 206.992,24 375.946,350.075,5 003.92,758.94
2021.12.17,13,29 593.447,1 153.04,4 191.527,24 621.040,350.070,5 003.92,758.97
2021.12.17,14,29 519.070,1 165.50,7 663.844,21 899.708,1 175.432,5 003.92,758.83
2021.12.17,15,29 190.017,1 141.40,7 663.844,21 570.655,1 175.432,5 003.92,758.88
2021.12.17,16,28 876.752,1 087.79,7 663.844,21 257.390,1 175.432,5 003.92,758.87
2021.12.17,17,28 628.027,1 054.77,7 548.308,21 130.035,1 175.266,5 003.92,758.84
2021.12.17,18,27 888.179,1 069.69,2 004.938,24 857.018,98.727,5 003.92,758.80
2021.12.17,19,27 138.834,1 035.81,2 004.938,24 107.673,98.727,5 003.92,758.71
2021.12.17,20,26 924.653,980.63,2 004.938,23 893.592,98.727,5 003.92,758.74
2021.12.17,21,26 166.915,925.95,2 004.938,23 135.854,98.727,5 003.92,758.74
2021.12.17,22,26 115.235,886.43,2 004.938,23 084.174,98.727,5 003.92,758.73
2021.12.17,23,25 892.578,874.14,2 004.938,22 861.517,98.727,5 003.92,758.70
2021.12.18,0,25 817.855,954.39,2 004.938,22 774.994,95.727,5 003.92,790.15
2021.12.18,1,25 931.624,986.78,2 074.239,22 814.637,90.902,5 003.92,789.78
2021.12.18,2,26 546.067,918.94,4 976.955,20 964.234,528.772,5 003.92,790.42
2021.12.18,3,27 094.179,897.52,5 038.655,21 457.163,535.289,5 003.92,790.50
2021.12.18,4,27 678.030,953.43,4 206.992,22 637.991,300.603,5 003.92,790.52
2021.12.18,5,28 181.950,995.63,4 206.992,23 141.911,300.603,5 003.92,790.43
2021.12.18,6,28 698.580,1 080.88,4 206.992,23 657.541,299.603,5 003.92,790.06
2021.12.18,7,28 709.158,1 140.12,4 206.992,23 668.119,299.603,5 003.92,789.98
2021.12.18,8,28 611.068,1 206.77,4 206.992,23 570.029,299.603,5 003.92,790.00
2021.12.18,9,28 556.603,1 211.37,4 206.992,23 515.564,299.603,5 003.92,789.95
2021.12.18,10,28 538.972,1 196.72,4 206.992,23 497.933,299.603,5 003.92,789.77
2021.12.18,11,28 662.165,1 175.71,4 206.992,23 618.970,297.447,5 003.92,790.53
2021.12.18,12,29 003.756,1 201.11,4 206.992,23 960.561,297.447,5 003.92,790.39
2021.12.18,13,29 306.677,1 215.45,4 191.527,24 278.825,297.325,5 003.92,790.06
2021.12.18,14,29 292.543,1 228.31,7 663.844,21 694.395,1 199.346,5 003.92,789.58
2021.12.18,15,28 924.977,1 194.81,7 663.844,21 347.829,1 220.346,5 003.92,789.62
2021.12.18,16,28 560.386,1 190.67,7 663.844,20 987.618,1 224.726,5 003.92,789.77
2021.12.18,17,28 286.003,1 130.44,7 548.308,20 773.526,1 169.481,5 003.92,789.76
2021.12.18,18,27 650.898,1 132.30,2 004.938,24 615.860,103.550,5 003.92,790.83
2021.12.18,19,27 228.048,1 112.23,2 004.938,24 193.010,103.550,5 003.92,789.23
2021.12.18,20,26 795.562,1 081.90,2 004.938,23 756.524,103.550,5 003.92,789.21
2021.12.18,21,26 246.833,1 055.72,2 004.938,23 207.795,103.550,5 003.92,789.19
2021.12.18,22,25 862.805,1 037.89,2 004.938,22 934.967,214.750,5 003.92,789.21
2021.12.18,23,25 633.006,987.21,2 004.938,22 714.213,223.795,5 003.92,789.19
2021.12.19,0,25 920.267,900.31,2 004.938,22 884.429,103.550,5 003.92,797.63
2021.12.19,1,26 048.018,903.39,2 074.239,22 942.610,103.281,5 003.92,801.95
2021.12.19,2,26 274.662,904.89,4 976.955,20 671.214,507.957,5 003.92,800.45
2021.12.19,3,26 677.501,898.31,5 038.655,21 054.943,550.547,5 003.92,802.01
2021.12.19,4,27 313.764,915.59,4 206.992,22 285.230,312.908,5 003.92,802.14
2021.12.19,5,27 868.785,969.03,4 206.992,22 834.940,307.597,5 003.92,805.06
2021.12.19,6,28 296.069,1 028.71,4 206.992,23 264.322,309.795,5 003.92,805.04
2021.12.19,7,28 418.434,1 036.18,4 206.992,23 389.800,312.908,5 003.92,801.81
2021.12.19,8,28 367.505,1 089.81,4 206.992,23 337.871,311.908,5 003.92,801.94
2021.12.19,9,28 315.997,1 112.37,4 206.992,23 286.263,311.908,5 003.92,801.98
2021.12.19,10,28 254.936,1 111.46,4 206.992,23 225.102,311.908,5 003.92,801.95
2021.12.19,11,28 451.715,1 142.57,4 206.992,23 421.881,311.908,5 003.92,801.69
2021.12.19,12,28 737.263,1 147.97,4 206.992,23 705.390,309.969,5 003.92,801.33
2021.12.19,13,29 022.296,1 150.12,4 191.527,24 005.761,309.842,5 003.92,801.38
2021.12.19,14,29 035.898,1 151.87,7 663.844,21 397.892,1 160.788,5 003.92,801.20
2021.12.19,15,28 758.297,1 149.59,7 663.844,21 124.229,1 164.726,5 003.92,801.31
2021.12.19,16,28 439.965,1 118.53,7 663.844,20 805.797,1 164.726,5 003.92,801.59
2021.12.19,17,28 142.060,1 097.23,7 548.308,20 628.183,1 169.481,5 003.92,801.61
2021.12.19,18,27 518.720,1 112.11,2 004.938,24 482.182,103.550,5 003.92,801.49
2021.12.19,19,27 014.032,1 047.80,2 004.938,23 977.494,103.550,5 003.92,801.41
2021.12.19,20,26 753.302,1 017.01,2 004.938,23 748.664,103.550,5 003.92,801.40
2021.12.19,21,26 307.974,987.21,2 004.938,23 303.336,103.550,5 003.92,801.42
2021.12.19,22,25 874.114,907.58,2 004.938,22 869.476,103.550,5 003.92,801.39
2021.12.19,23,25 766.539,895.15,2 004.938,22 761.901,103.550,5 003.92,801.37
2021.12.20,0,25 907.264,815.53,2 004.938,22 838.755,31.879,5 003.92,688.59
2021.12.20,1,26 331.000,815.83,2 074.239,23 192.921,31.610,5 003.92,688.65
2021.12.20,2,27 094.338,827.76,4 976.955,21 267.181,245.248,5 003.92,688.69
2021.12.20,3,27 893.007,828.98,5 038.655,21 994.833,235.931,5 003.92,688.80
2021.12.20,4,28 495.871,884.56,4 206.992,23 332.745,140.316,5 003.92,688.85
2021.12.20,5,28 964.022,933.55,4 206.992,23 795.896,140.316,5 003.92,688.80
2021.12.20,6,29 268.029,1 003.30,4 206.992,24 099.903,140.316,5 003.92,688.71
2021.12.20,7,29 244.321,1 042.73,4 206.992,24 118.030,182.151,5 003.92,688.74
2021.12.20,8,29 080.962,1 036.56,4 206.992,23 960.671,182.151,5 003.92,688.80
2021.12.20,9,29 091.004,1 030.50,4 206.992,23 970.713,182.151,5 003.92,688.83
2021.12.20,10,29 136.922,1 000.18,4 206.992,24 016.631,182.151,5 003.92,688.82
2021.12.20,11,29 251.281,1 001.11,4 206.992,24 130.990,182.151,5 003.92,688.76
2021.12.20,12,29 509.200,1 026.13,4 206.992,24 388.909,182.151,5 003.92,688.60
2021.12.20,13,29 757.779,1 066.48,4 191.527,24 635.319,170.517,5 003.92,688.33
2021.12.20,14,29 735.972,1 046.51,7 663.844,21 797.410,826.732,5 003.92,688.41
2021.12.20,15,29 461.539,1 020.44,7 663.844,21 522.977,826.732,5 003.92,688.64
2021.12.20,16,29 230.517,988.38,7 663.844,21 292.955,827.732,5 003.92,688.62
2021.12.20,17,28 877.432,965.33,7 548.308,21 061.161,827.487,5 003.92,688.69
2021.12.20,18,28 154.333,978.86,2 004.938,25 085.824,31.879,5 003.92,688.69
2021.12.20,19,27 662.278,944.54,2 004.938,24 593.769,31.879,5 003.92,688.59
2021.12.20,20,26 888.789,834.96,2 004.938,23 820.280,31.879,5 003.92,688.60
2021.12.20,21,26 581.648,816.53,2 004.938,23 513.139,31.879,5 003.92,688.63
2021.12.20,22,26 419.651,809.11,2 004.938,23 351.142,31.879,5 003.92,688.63
2021.12.20,23,26 216.529,781.31,2 004.938,23 148.020,31.879,5 003.92,688.57
2021.12.21,0,26 407.166,455.47,2 004.938,23 318.657,31.879,5 003.92,0.00
2021.12.21,1,26 806.271,449.73,2 074.239,23 648.192,31.610,5 003.92,0.00
2021.12.21,2,27 486.271,473.73,4 976.955,21 688.307,294.441,5 003.92,0.00
2021.12.21,3,28 337.997,509.59,5 038.655,22 478.824,294.932,5 003.92,0.00
2021.12.21,4,28 972.630,559.50,4 206.992,23 825.240,176.052,5 003.92,0.00
2021.12.21,5,29 379.791,620.30,4 206.992,24 207.401,156.052,5 003.92,0.00
2021.12.21,6,29 487.116,671.27,4 206.992,24 294.726,156.052,5 003.92,0.00
2021.12.21,7,29 396.789,699.42,4 206.992,24 194.399,146.052,5 003.92,0.00
2021.12.21,8,29 304.417,699.34,4 206.992,24 102.291,140.316,5 003.92,0.00
2021.12.21,9,29 238.102,697.32,4 206.992,24 035.876,140.316,5 003.92,0.00
2021.12.21,10,29 143.814,670.18,4 206.992,23 941.588,140.316,5 003.92,0.00
2021.12.21,11,29 275.611,733.66,4 206.992,24 073.285,140.316,5 003.92,0.00
2021.12.21,12,29 497.240,742.31,4 206.992,24 294.914,140.316,5 003.92,0.00
2021.12.21,13,29 831.713,757.66,4 191.527,24 638.725,140.189,5 003.92,0.00
2021.12.21,14,29 764.468,758.32,7 663.844,21 726.507,767.633,5 003.92,0.00
2021.12.21,15,29 485.626,734.80,7 663.844,21 447.665,767.633,5 003.92,0.00
2021.12.21,16,29 270.035,661.36,7 663.844,21 232.974,768.633,5 003.92,0.00
2021.12.21,17,28 958.235,649.73,7 548.308,20 989.465,715.388,5 003.92,0.00
2021.12.21,18,28 285.769,649.54,2 004.938,25 176.760,31.879,5 003.92,0.00
2021.12.21,19,27 903.591,625.80,2 004.938,24 794.582,31.879,5 003.92,0.00
2021.12.21,20,27 050.844,533.57,2 004.938,23 941.735,31.879,5 003.92,0.00
2021.12.21,21,26 873.557,502.00,2 004.938,23 764.448,31.879,5 003.92,0.00
2021.12.21,22,26 675.121,490.03,2 004.938,23 565.912,31.879,5 003.92,0.00
2021.12.21,23,26 482.839,453.98,2 004.938,23 373.630,31.879,5 003.92,0.00
2021.12.22,0,26 593.784,439.96,2 004.938,23 484.575,31.879,5 003.92,0.00
2021.12.22,1,26 929.866,442.89,2 074.239,23 751.087,31.610,5 003.92,0.00
2021.12.22,2,27 627.448,477.91,4 976.955,21 737.614,223.271,5 003.92,0.00
2021.12.22,3,28 485.780,555.09,5 038.655,22 554.737,223.762,5 003.92,0.00
2021.12.22,4,29 049.697,611.49,4 206.992,23 865.971,140.316,5 003.92,0.00
2021.12.22,5,29 447.832,670.05,4 206.992,24 259.106,140.316,5 003.92,0.00
2021.12.22,6,29 477.454,759.09,4 206.992,24 288.828,140.316,5 003.92,0.00
2021.12.22,7,29 403.958,707.31,4 206.992,24 215.332,140.316,5 003.92,0.00
2021.12.22,8,29 244.875,704.58,4 206.992,24 062.249,140.316,5 003.92,0.00
2021.12.22,9,29 120.781,702.45,4 206.992,23 938.255,140.316,5 003.92,0.00
2021.12.22,10,29 035.312,698.79,4 206.992,23 852.886,140.316,5 003.92,0.00
2021.12.22,11,29 026.464,740.27,4 206.992,23 844.038,140.316,5 003.92,0.00
2021.12.22,12,29 339.928,791.54,4 206.992,24 157.602,140.316,5 003.92,0.00
2021.12.22,13,29 568.748,807.72,4 191.527,24 395.760,140.189,5 003.92,0.00
2021.12.22,14,29 599.922,796.06,7 663.844,21 481.539,667.111,5 003.92,0.00
2021.12.22,15,29 355.333,731.23,7 663.844,21 236.950,667.111,5 003.92,0.00
2021.12.22,16,29 103.786,657.98,7 663.844,20 986.403,668.111,5 003.92,0.00
2021.12.22,17,28 862.937,640.66,7 548.308,20 866.995,668.016,5 003.92,0.00
2021.12.22,18,28 167.912,643.55,2 004.938,25 079.203,31.879,5 003.92,0.00
2021.12.22,19,27 890.449,629.53,2 004.938,24 801.740,31.879,5 003.92,0.00
2021.12.22,20,26 987.000,548.42,2 004.938,23 898.291,31.879,5 003.92,0.00
2021.12.22,21,26 837.754,502.80,2 004.938,23 749.045,31.879,5 003.92,0.00
2021.12.22,22,26 734.119,489.40,2 004.938,23 645.410,31.879,5 003.92,0.00
2021.12.22,23,26 552.768,450.81,2 004.938,23 464.059,31.879,5 003.92,0.00
2021.12.23,0,26 556.246,781.99,2 004.938,23 447.537,31.879,5 003.92,711.57
2021.12.23,1,26 882.463,779.16,2 074.239,23 704.184,31.610,5 003.92,711.64
2021.12.23,2,27 621.269,821.75,4 976.955,21 750.104,241.440,5 003.92,711.59
2021.12.23,3,28 447.975,827.82,5 038.655,22 515.601,241.931,5 003.92,711.66
2021.12.23,4,29 169.307,862.40,4 206.992,23 965.981,140.316,5 003.92,711.50
2021.12.23,5,29 511.081,901.70,4 206.992,24 302.755,140.316,5 003.92,711.53
2021.12.23,6,29 667.655,1 006.87,4 206.992,24 459.329,140.316,5 003.92,710.99
2021.12.23,7,29 576.070,1 052.93,4 206.992,24 367.744,140.316,5 003.92,710.80
2021.12.23,8,29 517.870,1 046.27,4 206.992,24 315.544,140.316,5 003.92,710.83
2021.12.23,9,29 502.490,1 021.12,4 206.992,24 300.164,140.316,5 003.92,711.37
2021.12.23,10,29 476.048,1 002.97,4 206.992,24 273.722,140.316,5 003.92,711.38
2021.12.23,11,29 618.611,1 004.76,4 206.992,24 416.285,140.316,5 003.92,711.34
2021.12.23,12,29 834.865,1 026.53,4 206.992,24 632.539,140.316,5 003.92,711.29
2021.12.23,13,30 082.957,1 046.86,4 191.527,24 889.969,140.189,5 003.92,711.24
2021.12.23,14,29 974.642,1 048.44,7 663.844,21 889.258,720.110,5 003.92,711.18
2021.12.23,15,29 858.224,1 029.60,7 663.844,21 773.840,721.110,5 003.92,711.30
2021.12.23,16,29 649.005,1 003.87,7 663.844,21 564.621,721.110,5 003.92,711.23
2021.12.23,17,29 396.026,989.52,7 548.308,21 455.737,743.669,5 003.92,711.21
2021.12.23,18,28 692.855,985.85,2 004.938,25 584.146,31.879,5 003.92,711.05
2021.12.23,19,27 927.935,911.56,2 004.938,24 819.226,31.879,5 003.92,711.11
2021.12.23,20,27 432.629,838.33,2 004.938,24 323.920,31.879,5 003.92,711.15
2021.12.23,21,27 381.116,837.58,2 004.938,24 272.407,31.879,5 003.92,711.15
2021.12.23,22,27 093.730,817.25,2 004.938,23 985.021,31.879,5 003.92,711.20
2021.12.23,23,26 645.557,793.94,2 004.938,23 536.848,31.879,5 003.92,711.41
2021.12.24,0,26 565.183,799.42,2 004.938,23 469.316,42.721,5 003.92,725.42
2021.12.24,1,26 959.051,805.87,2 074.239,23 793.670,42.508,5 003.92,725.36
2021.12.24,2,27 663.799,829.35,4 976.955,21 805.657,252.463,5 003.92,725.20
2021.12.24,3,28 512.498,854.38,5 038.655,22 593.201,253.008,5 003.92,725.26
2021.12.24,4,29 242.210,887.96,4 206.992,24 064.906,164.238,5 003.92,725.03
2021.12.24,5,29 669.210,922.95,4 206.992,24 484.906,162.238,5 003.92,725.04
2021.12.24,6,29 915.195,1 014.18,4 206.992,24 729.991,161.238,5 003.92,725.00
2021.12.24,7,30 044.027,1 046.67,4 206.992,24 853.830,156.245,5 003.92,725.00
2021.12.24,8,30 096.033,1 048.91,4 206.992,24 911.836,156.245,5 003.92,725.00
2021.12.24,9,30 055.381,1 046.97,4 206.992,24 877.257,162.318,5 003.92,725.00
2021.12.24,10,30 003.422,1 038.91,4 206.992,24 825.398,162.318,5 003.92,725.00
2021.12.24,11,30 135.010,1 040.39,4 206.992,24 956.986,162.318,5 003.92,725.00
2021.12.24,12,30 341.237,1 045.30,4 206.992,25 163.213,162.318,5 003.92,725.15
2021.12.24,13,30 514.648,1 087.78,4 191.527,25 346.034,162.163,5 003.92,725.11
2021.12.24,14,30 507.398,1 046.21,7 663.844,22 467.190,762.886,5 003.92,725.08
2021.12.24,15,30 342.802,1 069.73,7 663.844,22 222.595,682.887,5 003.92,724.79
2021.12.24,16,30 144.622,1 042.83,7 663.844,22 024.515,682.887,5 003.92,724.84
2021.12.24,17,29 663.552,1 008.02,7 548.308,21 664.804,682.710,5 003.92,725.00
2021.12.24,18,28 848.699,1 034.21,2 004.938,25 752.694,42.083,5 003.92,682.48
2021.12.24,19,28 085.757,1 022.91,2 004.938,25 022.168,74.499,5 003.92,645.65
2021.12.24,20,27 846.497,969.22,2 004.938,24 782.908,74.499,5 003.92,725.19
2021.12.24,21,27 204.020,960.58,2 004.938,24 140.531,74.499,5 003.92,632.35
2021.12.24,22,26 910.064,885.37,2 004.938,23 846.575,74.499,5 003.92,725.28
2021.12.24,23,26 809.749,844.36,2 004.938,23 746.260,74.499,5 003.92,725.21
2021.12.25,0,26 791.601,829.22,2 004.938,23 722.312,69.499,5 003.92,685.64
2021.12.25,1,26 704.207,851.10,2 074.239,23 565.404,69.286,5 003.92,602.48
2021.12.25,2,27 316.031,826.51,4 976.955,21 549.916,344.690,5 003.92,685.63
2021.12.25,3,27 905.740,798.84,5 038.655,22 078.470,345.235,5 003.92,685.59
2021.12.25,4,28 392.491,892.70,4 206.992,23 284.647,232.998,5 003.92,685.11
2021.12.25,5,28 962.129,923.65,4 206.992,23 854.285,232.998,5 003.92,685.17
2021.12.25,6,29 377.378,984.19,4 206.992,24 269.534,232.998,5 003.92,685.55
2021.12.25,7,29 430.024,1 064.72,4 206.992,24 322.180,232.998,5 003.92,684.91
2021.12.25,8,29 388.831,1 112.54,4 206.992,24 280.987,232.998,5 003.92,685.55
2021.12.25,9,29 346.125,1 127.70,4 206.992,24 238.281,232.998,5 003.92,685.56
2021.12.25,10,29 310.230,1 127.04,4 206.992,24 202.386,232.998,5 003.92,685.54
2021.12.25,11,29 405.730,1 128.06,4 206.992,24 297.786,232.998,5 003.92,685.56
2021.12.25,12,29 648.659,1 157.54,4 206.992,24 536.620,228.903,5 003.92,685.52
2021.12.25,13,29 950.935,1 180.30,4 191.527,24 854.111,228.753,5 003.92,685.46
2021.12.25,14,29 929.775,1 166.77,7 663.844,22 029.531,897.650,5 003.92,685.38
2021.12.25,15,29 600.484,1 175.48,7 663.844,21 595.458,792.968,5 003.92,684.97
2021.12.25,16,29 253.193,1 157.83,7 663.844,21 248.067,792.968,5 003.92,684.96
2021.12.25,17,29 033.171,1 135.76,7 548.308,21 143.420,792.807,5 003.92,684.98
2021.12.25,18,28 302.632,1 151.98,2 004.938,25 232.857,69.413,5 003.92,684.99
2021.12.25,19,27 820.506,1 096.98,2 004.938,24 750.631,69.413,5 003.92,685.67
2021.12.25,20,27 933.549,967.87,2 004.938,24 855.674,69.413,5 003.92,685.52
2021.12.25,21,27 401.584,959.06,2 004.938,24 323.709,69.413,5 003.92,684.84
2021.12.25,22,26 817.115,934.11,2 004.938,23 739.240,69.413,5 003.92,684.90
2021.12.25,23,26 358.454,917.92,2 004.938,23 280.579,69.413,5 003.92,685.10
2021.12.26,0,26 624.423,857.20,2 004.938,23 550.348,69.413,5 003.92,753.75
2021.12.26,1,26 845.370,855.01,2 074.239,23 701.770,69.189,5 003.92,753.80
2021.12.26,2,27 181.566,860.89,4 976.955,21 422.773,356.712,5 003.92,753.64
2021.12.26,3,27 669.840,852.04,5 038.655,21 849.782,357.247,5 003.92,753.81
2021.12.26,4,28 276.552,905.97,4 206.992,23 163.808,232.998,5 003.92,753.74
2021.12.26,5,28 713.697,964.27,4 206.992,23 600.853,232.998,5 003.92,753.48
2021.12.26,6,29 056.484,1 007.03,4 206.992,23 943.540,232.998,5 003.92,753.26
2021.12.26,7,29 135.085,1 029.86,4 206.992,24 022.041,232.998,5 003.92,753.22
2021.12.26,8,29 258.487,1 093.59,4 206.992,24 145.343,232.998,5 003.92,753.03
2021.12.26,9,29 313.672,1 133.99,4 206.992,24 200.428,232.998,5 003.92,752.85
2021.12.26,10,29 402.598,1 135.62,4 206.992,24 289.254,232.998,5 003.92,752.94
2021.12.26,11,29 359.699,1 157.33,4 206.992,24 246.355,232.998,5 003.92,752.91
2021.12.26,12,29 637.306,1 191.77,4 206.992,24 523.862,232.998,5 003.92,752.72
2021.12.26,13,29 894.346,1 199.07,4 191.527,24 796.117,232.848,5 003.92,752.50
2021.12.26,14,29 953.225,1 221.12,7 663.844,21 975.799,825.968,5 003.92,752.36
2021.12.26,15,29 702.785,1 203.65,7 663.844,21 725.259,825.968,5 003.92,752.61
2021.12.26,16,29 332.151,1 183.35,7 663.844,21 354.525,825.968,5 003.92,752.60
2021.12.26,17,28 974.602,1 129.45,7 548.308,21 112.351,825.807,5 003.92,752.86
2021.12.26,18,28 379.882,1 165.65,2 004.938,25 304.507,69.413,5 003.92,752.49
2021.12.26,19,28 175.720,1 087.47,2 004.938,25 100.245,69.413,5 003.92,752.69
2021.12.26,20,27 963.060,1 028.47,2 004.938,24 887.585,69.413,5 003.92,753.03
2021.12.26,21,27 501.124,996.50,2 004.938,24 425.649,69.413,5 003.92,753.17
2021.12.26,22,27 139.859,909.57,2 004.938,24 064.384,69.413,5 003.92,753.46
2021.12.26,23,26 825.119,861.43,2 004.938,23 749.644,69.413,5 003.92,753.66
2021.12.27,0,26 683.477,855.87,2 004.938,23 598.302,69.413,5 003.92,758.81
2021.12.27,1,27 103.191,861.04,2 074.239,23 948.491,69.189,5 003.92,758.78
2021.12.27,2,27 688.719,914.22,4 976.955,21 900.656,338.542,5 003.92,759.25
2021.12.27,3,28 454.920,969.83,5 038.655,22 605.692,339.077,5 003.92,758.72
2021.12.27,4,29 264.690,1 003.02,4 206.992,24 140.046,232.998,5 003.92,758.68
2021.12.27,5,29 798.007,1 051.46,4 206.992,24 668.363,232.998,5 003.92,758.74
2021.12.27,6,29 919.860,1 151.48,4 206.992,24 790.216,232.998,5 003.92,758.67
2021.12.27,7,29 851.174,1 233.26,4 206.992,24 717.535,228.903,5 003.92,758.57
2021.12.27,8,29 686.866,1 220.48,4 206.992,24 559.327,228.903,5 003.92,759.31
2021.12.27,9,29 598.791,1 214.54,4 206.992,24 471.252,228.903,5 003.92,759.33
2021.12.27,10,29 584.866,1 231.53,4 206.992,24 457.327,228.903,5 003.92,758.72
2021.12.27,11,29 623.222,1 218.49,4 206.992,24 495.683,228.903,5 003.92,759.26
2021.12.27,12,29 880.225,1 240.55,4 206.992,24 752.686,228.903,5 003.92,758.59
2021.12.27,13,30 151.357,1 248.41,4 191.527,25 033.133,228.753,5 003.92,758.63
2021.12.27,14,30 046.769,1 234.00,7 663.844,21 912.125,684.650,5 003.92,758.98
2021.12.27,15,29 967.511,1 199.06,7 663.844,21 900.872,752.655,5 003.92,757.86
2021.12.27,16,29 737.685,1 146.64,7 663.844,21 675.326,757.035,5 003.92,757.97
2021.12.27,17,29 489.978,1 104.96,7 548.308,21 548.994,756.874,5 003.92,758.20
2021.12.27,18,28 922.745,1 058.21,2 004.938,25 850.647,82.490,5 003.92,758.19
2021.12.27,19,28 404.494,991.60,2 004.938,25 332.396,82.490,5 003.92,758.70
2021.12.27,20,27 825.073,961.02,2 004.938,24 752.775,82.490,5 003.92,758.72
2021.12.27,21,27 477.868,915.53,2 004.938,24 405.370,82.490,5 003.92,758.79
2021.12.27,22,27 229.128,877.38,2 004.938,24 156.530,82.490,5 003.92,758.77
2021.12.27,23,26 626.213,855.94,2 004.938,23 553.615,82.490,5 003.92,758.91
2021.12.28,0,26 697.842,831.21,2 004.938,23 624.244,82.490,5 003.92,725.67
2021.12.28,1,27 094.353,839.88,2 074.239,23 951.230,82.266,5 003.92,725.63
2021.12.28,2,27 740.528,869.97,4 976.955,21 992.814,380.391,5 003.92,725.45
2021.12.28,3,28 415.653,907.79,5 038.655,22 606.874,380.926,5 003.92,725.42
2021.12.28,4,29 184.485,943.68,4 206.992,24 091.920,266.477,5 003.92,725.31
2021.12.28,5,29 575.963,1 011.42,4 206.992,24 478.498,266.477,5 003.92,725.04
2021.12.28,6,29 869.935,1 077.93,4 206.992,24 772.470,266.477,5 003.92,725.00
2021.12.28,7,29 763.713,1 131.31,4 206.992,24 666.348,266.477,5 003.92,725.00
2021.12.28,8,29 673.862,1 146.76,4 206.992,24 580.341,264.321,5 003.92,725.00
2021.12.28,9,29 595.576,1 133.20,4 206.992,24 502.372,264.538,5 003.92,725.00
2021.12.28,10,29 547.744,1 124.27,4 206.992,24 454.540,264.538,5 003.92,725.00
2021.12.28,11,29 701.485,1 129.22,4 206.992,24 608.381,264.538,5 003.92,725.00
2021.12.28,12,29 892.673,1 133.17,4 206.992,24 797.413,262.382,5 003.92,725.00
2021.12.28,13,30 032.367,1 156.54,4 191.527,24 946.422,262.232,5 003.92,725.00
2021.12.28,14,29 986.832,1 152.83,7 663.844,21 919.093,752.655,5 003.92,725.00
2021.12.28,15,29 793.136,1 149.38,7 663.844,21 729.777,757.035,5 003.92,725.00
2021.12.28,16,29 737.407,1 132.76,7 663.844,21 694.048,777.035,5 003.92,724.95
2021.12.28,17,29 505.031,1 099.47,7 548.308,21 583.047,776.874,5 003.92,725.00
2021.12.28,18,29 153.325,1 052.47,2 004.938,26 080.327,82.490,5 003.92,725.00
2021.12.28,19,28 501.526,1 037.85,2 004.938,25 428.528,82.490,5 003.92,725.00
2021.12.28,20,27 930.304,978.41,2 004.938,24 824.890,50.074,5 003.92,725.01
2021.12.28,21,27 622.959,898.76,2 004.938,24 517.545,50.074,5 003.92,725.33
2021.12.28,22,26 999.758,847.95,2 004.938,23 894.344,50.074,5 003.92,725.49
2021.12.28,23,26 610.076,820.53,2 004.938,23 504.662,50.074,5 003.92,725.68
2021.12.29,0,26 399.815,835.78,2 004.938,23 356.251,81.424,5 003.92,744.34
2021.12.29,1,26 772.066,836.70,2 074.239,23 658.977,81.200,5 003.92,744.35
2021.12.29,2,27 524.719,854.21,4 976.955,21 785.058,357.344,5 003.92,744.10
2021.12.29,3,28 236.482,894.48,5 038.655,22 435.656,357.879,5 003.92,744.15
2021.12.29,4,28 950.006,912.98,4 206.992,23 872.781,250.817,5 003.92,744.14
2021.12.29,5,29 414.388,947.03,4 206.992,24 332.263,250.817,5 003.92,744.01
2021.12.29,6,29 560.715,1 023.55,4 206.992,24 478.590,250.817,5 003.92,0.00
2021.12.29,7,29 543.749,1 047.50,4 206.992,24 461.724,250.817,5 003.92,0.00
2021.12.29,8,29 777.299,1 052.39,4 206.992,24 701.274,250.817,5 003.92,79.63
2021.12.29,9,29 679.037,1 048.81,4 206.992,24 601.073,248.878,5 003.92,0.00
2021.12.29,10,29 818.447,1 065.53,4 206.992,24 740.483,248.878,5 003.92,576.06
2021.12.29,11,30 002.388,1 074.37,4 206.992,24 924.424,248.878,5 003.92,743.54
2021.12.29,12,30 189.781,1 109.37,4 206.992,25 109.661,246.722,5 003.92,743.37
2021.12.29,13,30 110.445,1 074.50,4 191.527,25 039.640,246.572,5 003.92,0.00
2021.12.29,14,30 078.908,1 073.08,7 663.844,22 121.129,831.915,5 003.92,0.00
2021.12.29,15,30 190.946,1 121.52,7 663.844,22 216.152,814.900,5 003.92,743.40
2021.12.29,16,30 117.227,1 096.72,7 663.844,22 142.433,814.900,5 003.92,743.46
2021.12.29,17,29 538.732,1 124.04,7 548.308,21 688.351,817.677,5 003.92,743.30
2021.12.29,18,29 216.808,1 081.06,2 004.938,26 173.544,81.424,5 003.92,743.41
2021.12.29,19,28 647.865,1 029.08,2 004.938,25 604.601,81.424,5 003.92,743.47
2021.12.29,20,28 121.830,908.45,2 004.938,25 078.566,81.424,5 003.92,743.96
2021.12.29,21,27 750.166,875.97,2 004.938,24 706.902,81.424,5 003.92,744.09
2021.12.29,22,27 227.945,858.26,2 004.938,24 184.681,81.424,5 003.92,744.13
2021.12.29,23,26 937.577,844.63,2 004.938,23 894.313,81.424,5 003.92,744.20
2021.12.30,0,26 647.161,862.33,2 004.938,23 595.897,81.424,5 003.92,784.70
2021.12.30,1,26 986.991,865.94,2 074.239,23 866.202,81.200,5 003.92,784.63
2021.12.30,2,27 715.905,883.68,4 976.955,21 968.544,357.344,5 003.92,784.47
2021.12.30,3,28 494.974,912.91,5 038.655,22 686.448,357.879,5 003.92,784.44
2021.12.30,4,29 203.254,921.82,4 206.992,24 118.329,250.817,5 003.92,784.43
2021.12.30,5,29 690.558,1 006.51,4 206.992,24 600.633,250.817,5 003.92,784.10
2021.12.30,6,30 287.152,1 060.88,4 206.992,25 197.227,250.817,5 003.92,783.96
2021.12.30,7,30 506.422,1 113.15,4 206.992,25 416.497,250.817,5 003.92,783.72
2021.12.30,8,30 512.112,1 116.80,4 206.992,25 426.031,248.661,5 003.92,783.81
2021.12.30,9,30 480.864,1 104.66,4 206.992,25 395.000,248.878,5 003.92,783.85
2021.12.30,10,30 421.181,1 095.76,4 206.992,25 335.317,248.878,5 003.92,783.87
2021.12.30,11,30 470.380,1 107.74,4 206.992,25 384.416,248.878,5 003.92,783.84
2021.12.30,12,30 507.098,1 105.58,4 206.992,25 418.978,246.722,5 003.92,783.62
2021.12.30,13,30 602.256,1 191.05,4 191.527,25 523.351,246.572,5 003.92,783.37
2021.12.30,14,30 616.454,1 186.74,7 663.844,22 628.180,809.520,5 003.92,783.34
2021.12.30,15,30 536.166,1 146.44,7 663.844,22 547.792,809.520,5 003.92,783.59
2021.12.30,16,30 433.307,1 105.12,7 663.844,22 445.933,810.520,5 003.92,783.71
2021.12.30,17,29 678.286,1 139.06,7 548.308,21 811.187,809.359,5 003.92,783.55
2021.12.30,18,29 099.828,1 114.86,2 004.938,26 048.164,81.424,5 003.92,783.80
2021.12.30,19,28 905.287,1 034.72,2 004.938,25 853.523,81.424,5 003.92,783.77
2021.12.30,20,28 346.292,976.49,2 004.938,25 294.428,81.424,5 003.92,783.99
2021.12.30,21,27 918.162,904.74,2 004.938,24 866.198,81.424,5 003.92,784.34
2021.12.30,22,27 602.092,891.20,2 004.938,24 550.128,81.424,5 003.92,784.37
2021.12.30,23,27 148.266,877.65,2 004.938,24 096.302,81.424,5 003.92,784.49
2021.12.31,0,26 858.433,791.05,2 004.938,23 776.219,50.074,5 003.92,693.13
2021.12.31,1,26 908.948,787.51,2 074.239,23 757.209,49.850,5 003.92,693.11
2021.12.31,2,26 982.046,831.11,4 976.955,21 154.549,276.808,5 003.92,692.94
2021.12.31,3,27 368.873,881.33,5 038.655,21 480.063,277.195,5 003.92,690.31
2021.12.31,4,28 293.211,810.01,4 206.992,23 142.361,183.492,5 003.92,692.95
2021.12.31,5,28 740.659,859.13,4 206.992,23 589.909,183.492,5 003.92,692.76
2021.12.31,6,29 071.520,864.00,4 206.992,23 920.770,183.492,5 003.92,692.72
2021.12.31,7,29 211.683,963.32,4 206.992,24 060.933,183.492,5 003.92,692.45
2021.12.31,8,29 431.116,990.72,4 206.992,24 280.366,183.492,5 003.92,692.36
2021.12.31,9,29 578.183,1 012.31,4 206.992,24 425.494,181.553,5 003.92,692.29
2021.12.31,10,29 597.402,1 013.01,4 206.992,24 444.713,181.553,5 003.92,692.29
2021.12.31,11,29 632.346,1 027.31,4 206.992,24 479.757,181.553,5 003.92,692.24
2021.12.31,12,29 825.952,1 029.00,4 206.992,24 671.207,179.397,5 003.92,692.21
2021.12.31,13,29 864.919,1 030.11,4 191.527,24 725.489,179.247,5 003.92,692.07
2021.12.31,14,30 083.625,1 091.73,7 663.844,22 028.727,736.096,5 003.92,691.99
2021.12.31,15,29 807.636,1 025.83,7 663.844,21 756.638,739.996,5 003.92,692.16
2021.12.31,16,29 590.763,1 021.48,7 663.844,21 540.765,740.996,5 003.92,692.16
2021.12.31,17,29 066.675,1 063.97,7 548.308,21 126.986,735.769,5 003.92,692.07
2021.12.31,18,28 217.418,997.48,2 004.938,25 133.805,48.475,5 003.92,692.50
2021.12.31,19,28 332.439,979.34,2 004.938,25 249.583,49.232,5 003.92,692.46
2021.12.31,20,28 061.461,923.22,2 004.938,24 978.605,49.232,5 003.92,692.51
2021.12.31,21,27 892.619,887.55,2 004.938,24 810.605,50.074,5 003.92,692.80
2021.12.31,22,27 652.464,859.58,2 004.938,24 570.450,50.074,5 003.92,692.84
2021.12.31,23,27 454.260,826.10,2 004.938,24 372.246,50.074,5 003.92,692.53
2022.01.01,0,26 152.750,839.72,2 242.192,22 841.510,87.902,5 447.22,741.14
2022.01.01,1,26 064.945,838.48,2 301.977,22 691.222,85.204,5 447.22,741.19
2022.01.01,2,26 091.947,838.30,5 645.031,19 654.193,364.227,5 447.22,741.15
2022.01.01,3,26 163.308,834.02,5 698.595,19 673.761,365.998,5 447.22,741.02
2022.01.01,4,26 419.469,822.30,4 735.931,20 767.028,240.440,5 447.22,738.43
2022.01.01,5,26 695.531,822.19,4 735.931,21 019.725,217.075,5 447.22,735.43
2022.01.01,6,26 961.043,820.96,4 735.931,21 279.789,211.627,5 447.22,729.22
2022.01.01,7,27 156.248,840.36,4 735.931,21 469.583,206.216,5 447.22,741.11
2022.01.01,8,27 111.579,819.09,4 735.931,21 452.416,233.718,5 447.22,732.80
2022.01.01,9,27 072.275,819.76,4 735.931,21 405.035,225.641,5 447.22,730.10
2022.01.01,10,27 130.888,840.97,4 735.931,21 447.399,209.392,5 447.22,740.49
2022.01.01,11,27 219.572,836.55,4 735.931,21 509.331,182.640,5 447.22,732.36
2022.01.01,12,27 489.920,854.41,4 735.931,21 784.439,187.300,5 447.22,741.12
2022.01.01,13,27 960.337,862.80,4 722.937,22 241.979,161.329,5 447.22,741.13
2022.01.01,14,28 134.061,866.68,8 727.144,18 909.348,659.181,5 447.22,740.38
2022.01.01,15,28 036.781,868.12,8 727.144,18 847.299,694.412,5 447.22,741.17
2022.01.01,16,27 918.122,865.03,8 727.144,18 782.748,748.520,5 447.22,741.11
2022.01.01,17,27 688.450,893.42,8 626.789,18 558.252,653.341,5 447.22,741.13
2022.01.01,18,27 387.941,868.35,2 242.192,24 076.901,87.902,5 447.22,740.95
2022.01.01,19,26 984.248,859.10,2 242.192,23 673.108,87.902,5 447.22,740.88
2022.01.01,20,26 619.240,851.24,2 242.192,23 308.100,87.902,5 447.22,740.91
2022.01.01,21,26 336.234,846.56,2 242.192,23 024.994,87.902,5 447.22,741.12
2022.01.01,22,26 097.176,839.66,2 242.192,22 785.936,87.902,5 447.22,740.99
2022.01.01,23,25 890.422,834.02,2 242.192,22 579.182,87.902,5 447.22,741.09
2022.01.02,0,25 755.682,813.25,2 242.192,22 459.989,93.849,5 447.22,725.50
2022.01.02,1,25 857.071,822.95,2 301.977,22 498.895,91.151,5 447.22,736.36
2022.01.02,2,26 091.124,824.76,5 645.031,19 733.840,434.997,5 447.22,736.31
2022.01.02,3,26 443.688,815.48,5 698.595,20 039.615,441.772,5 447.22,725.00
2022.01.02,4,26 879.467,815.78,4 735.931,21 295.612,299.226,5 447.22,726.99
2022.01.02,5,27 393.183,837.67,4 735.931,21 773.138,263.036,5 447.22,735.85
2022.01.02,6,27 763.983,848.10,4 735.931,22 089.797,208.795,5 447.22,736.57
2022.01.02,7,27 955.521,875.43,4 735.931,22 269.589,197.049,5 447.22,736.59
2022.01.02,8,27 921.253,932.38,4 735.931,22 235.321,197.049,5 447.22,736.56
2022.01.02,9,28 113.017,1 020.24,4 735.931,22 427.185,197.049,5 447.22,736.55
2022.01.02,10,28 175.294,1 027.50,4 735.931,22 489.462,197.049,5 447.22,736.53
2022.01.02,11,28 207.769,1 029.17,4 735.931,22 521.937,197.049,5 447.22,736.55
2022.01.02,12,28 379.706,1 054.12,4 735.931,22 693.874,197.049,5 447.22,736.58
2022.01.02,13,28 641.484,1 082.66,4 722.937,22 948.152,176.555,5 447.22,736.58
2022.01.02,14,28 703.978,1 101.11,8 727.144,19 451.605,621.721,5 447.22,736.55
2022.01.02,15,28 547.367,1 094.54,8 727.144,19 295.829,622.556,5 447.22,736.55
2022.01.02,16,28 430.255,1 088.84,8 727.144,19 180.607,624.446,5 447.22,736.52
2022.01.02,17,27 987.163,1 109.77,8 626.789,18 860.936,647.512,5 447.22,736.51
2022.01.02,18,27 711.741,1 074.47,2 242.192,24 416.448,93.849,5 447.22,736.49
2022.01.02,19,27 454.672,1 050.51,2 242.192,24 159.379,93.849,5 447.22,736.44
2022.01.02,20,27 114.117,995.75,2 242.192,23 818.824,93.849,5 447.22,736.41
2022.01.02,21,26 942.523,947.85,2 242.192,23 647.230,93.849,5 447.22,736.41
2022.01.02,22,26 732.372,867.01,2 242.192,23 437.079,93.849,5 447.22,736.19
2022.01.02,23,26 124.648,841.64,2 242.192,22 829.355,93.849,5 447.22,736.53
